Workbook

Sheet Terméklista
A1: STÁTUSZ | B1: Fő kat. ID | C1: Fő kat. Neve | D1: Kategória ID | E1: Kat. Neve | F1: Alkat. ID | G1: Alkat. Neve | H1: Szülőtermék | I1: Cikkszám | J1: Terméknév | K1: Státusz (Aktív / Kifutott / Inaktív) | L1: Gyártó | M1: Teljes ár | N1: TB-támogatott ár | O1: KVL Mióta kapható? | P1: Méret | Q1: webshop fotó státusz | R1: Rövid leírás | S1: Hosszú leírás | T1: Üzemmód (CPA/APAP/BiLevel | U1: Nyomástartomány (hPa) | V1: Zajszint (dBA) | W1: Súly (kg) | X1: Méret (szé x ma x mé) | Y1: Holttér (ml) | Z1: Töltési térfogat (ml) | AA1: Párásítási fokozat | AB1: Párásító maximális leadott hőmérséklete | AC1: Szín (fekete/fehér) | AD1: Bluetooth / App kapcsolat (igen/nem) | AE1: Képernyő típusa | AF1: Párásító opció (van/nincs/beépítve) | AG1: Fűtött gégecső opcó (igen/nem) | AH1: SD kártya tartozék? | AI1: Kiszerelés típus (Egy méret / FitPack) | AJ1: Csomag tartalma (részletes) | AK1: Mágneses csat (igen/nem) | AL1: Közgyógyra írtható (igen/nem) | AM1: Jótállás (év) | AN1: Kapcsolódó termékek | AO1: Kapcs. Termékek neve | AP1: Útmutató / Csatolmány link | AQ1: SEO URL | AR1: SEO Meta cím | AS1: SEO Meta leírás | AT1: Webshop státusz | AU1: Megjegyzés (belső) | AV1: Extra kategória
B2: 1. | C2: Alvásterápiás készülékek | D2: 1.1. | E2: CPAP készülékek | I2: LMT 31785-1110 | J2: prisma SMART auto cpap (fekete) | K2: Engedélyezett | L2: Löwenstein | M2: 260350 | N2: 144780 | O2: 45170 | P2: - | Q2: profi | R2: Prémium német auto CPAP készülék a maximális éjszakai nyugalomért. SoftPAP kilégzési könnyítéssel és SoftStart funkcióval teszi természetessé és akadálytalanná a légzést. | S2: A Löwenstein Medical prisma SMART készüléke a német precizitás és a megbízhatóság mintaképe. A készülék szíve egy klinikailag validált algoritmus, amely folyamatosan alkalmazkodik az Ön légzéséhez. A SoftStart funkció segít a könnyű elalvásban, mivel a nyomást csak fokozatosan emeli a terápiás szintre, míg a SoftPAP technológia a kilégzésnél könnyíti meg a légzést, elkerülve a kényszerített érzetet. Halk működése és rendkívüli strapabírása miatt ideális társ a mindennapi terápiához azoknak, akik a stabil, bizonyított technológiát keresik felesleges sallangok nélkül. Fontos információ: A készülék használatához terápiás maszk szükséges, amely külön tétel. Szabványos csatlakozója révén kínálatunk bármelyik maszkjával kompatibilis. | T2: CPAP, APAP | U2: 4-20 hPa | V2: 26 dBA | W2: 1.34 kg | X2: 170x135x180 mm | Z2: - | AC2: fekete | AD2: Nincs | AE2: hagyományos | AF2: Opcionális (fekete) | AG2: ??? Opcionális (külső tápellátással) | AH2: Igen | AI2: Készülék szett | AJ2: Készülék, táska, gégecső, tápegység, tápkábel, 1 db szivacsszűrő, 1 csomag/2db pót szivacsszűrő, útmutató, SD kártya | AK2: - | AL2: Nem | AM2: 2 vagy 3 év (vételár alapján) | AN2: WM 29680; WM 29928; WM 29652; WM 24445; 1147018-01; ??? WM 29067; | AO2: prismaAQUA párásító (fekete); Standard gégecső; Pollenszűrő; Szivacsszűrő; baktériumszűrő; ???prismaHYBERNITE készlet; | AP2: prisma_smart_magyar.pdf | AQ2: lowenstein-prisma-smart-auto-cpap-fekete | AR2: Löwenstein prisma SMART Auto CPAP készülék | Alvásterápia | AS2: Prémium német Löwenstein prisma SMART automata CPAP készülék alvási apnoé kezelésére. Csendes, SoftStart és SoftPAP funkcióval. Szakértői garanciával! | AV2: =VLOOKUP(I2, Kiegészítő_Mátrix!C:E, 3, FALSE) -> #N/A
B3: 1. | C3: Alvásterápiás készülékek | D3: 1.1. | E3: CPAP készülékek | I3: LMT 31920-1110 | J3: prisma SMART plus auto cpap (fehér) | K3: Engedélyezett | L3: Löwenstein | M3: 260350 | N3: 144780 | O3: 45292 | P3: - | Q3: profi | R3: Jövőálló, Bluetooth-kapcsolattal rendelkező német auto CPAP készülék. A prisma APP támogatással és felhő-technológiával nemcsak kényelmet, de modern távfelügyeleti lehetőséget is nyújt. | S3: A Löwenstein Medical prisma SMART PLUS készüléke a német mérnöki precizitást ötvözi a legmodernebb digitális megoldásokkal. A terápiás élmény alapját egy klinikailag validált algoritmus adja, amely folyamatosan figyeli a légzést, és mindig az aktuális szükséglethez igazítja a nyomást. Az elalvást a SoftStart funkció segíti, amely fokozatosan emeli a nyomást a beállított szintre, míg a SoftPAP technológia a kilégzés pillanatában könnyíti meg a légzést a természetes érzet érdekében. A beépített Bluetooth kapcsolat és a prisma APP lehetővé teszi, hogy Ön saját okostelefonján kövesse nyomon a terápia sikerességét. Ez a technológia a jövőben lehetővé teheti a távúton történő kontrollvizsgálatokat, megkönnyítve az orvosi konzultációt. Csendes működése és jövőálló technológiája hosszú távú, biztonságos megoldást nyújt az alvási apnoé kezelésében. Fontos információ: A készülék használatához terápiás maszk szükséges, amely külön tétel. Szabványos csatlakozója révén kínálatunk bármelyik maszkjával kompatibilis. | T3: CPAP, APAP | U3: 4-20 hPa | V3: 26 dBA | W3: 1.34 kg | X3: 170x135x180 mm | Z3: - | AC3: fehér | AD3: Igen | AE3: hagyományos | AF3: Opcionális (fehér) | AG3: ??? Opcionális (külső tápellátással) | AH3: Igen | AI3: Készülék szett | AJ3: Készülék, táska, gégecső, tápegység, tápkábel, szivacsszűrő, 1 csomag/2db pót szivacsszűrő, útmutató, SD kártya | AK3: - | AL3: Nem | AM3: 2 vagy 3 év (vételár alapján) | AN3: WM 29490; WM 29928; WM 29652; WM 24445; 1147018-01; ??? WM 29067; | AO3: prismaAQUA párásító (fehér); Standard gégecső; Pollenszűrő; Szivacsszűrő; Baktériumszűrő; ???prismaHYBERNITE készlet; | AP3: prisma_smart_plus_HU.pdf | AQ3: lowenstein-prisma-smart-plus-auto-cpap-feher | AR3: Löwenstein prisma SMART plus Auto CPAP gép | Alvásterápia | AS3: Löwenstein prisma SMART plus CPAP készülék beépített Bluetooth kapcsolattal, app-követéssel és halk működéssel. Szakértői szerviz és megbízható támogatás. | AV3: =VLOOKUP(I3, Kiegészítő_Mátrix!C:E, 3, FALSE) -> #N/A
B4: 1. | C4: Alvásterápiás készülékek | D4: 1.1. | E4: CPAP készülékek | I4: WM 29600-1 | J4: Prisma A20 auto cpap | K4: Engedélyezett | L4: Löwenstein | M4: 299720 | N4: NEM ELÉRHETŐ | O4: 42064 | P4: - | Q4: profi | R4: A prisma-család prémium, érintőképernyős tagja FOT technológiával a pontosabb diagnózisért. | S4: A Löwenstein prisma 20A a német precizitás csúcsa. A Forced Oscillation Technique (FOT) segítségével nagy pontossággal különbözteti meg az obstruktív és centrális apnoékat. Színes érintőképernyőjén minden beállítás könnyen elérhető. A SoftPAP kilégzési könnyítés három fokozatban állítható, a mélyalvás-jelző pedig segít az alvásminőség pontos értékelésében. Fontos információ: A készülék használatához terápiás maszk szükséges, amely külön tétel. Szabványos csatlakozója révén kínálatunk bármelyik maszkjával kompatibilis. | T4: CPAP, APAP | U4: 4-20 hPa | V4: 26 dBA | W4: 1.4 kg | X4: 170x135x180 mm | Z4: - | AC4: fekete | AD4: Nincs | AE4: érintőképernyős | AF4: Opcionális (fekete) | AG4: ??? Opcionális (külső tápellátással) | AH4: Igen | AI4: Készülék szett | AJ4: Készülék, táska, gégecső, tápegység, tápkábel, szivacsszűrő, útmutató, SD kártya | AK4: - | AL4: Nem | AM4: 3 év | AN4: WM 29680; WM 29928; WM 29652; WM 24445; 1147018-01; ??? WM 29067; | AO4: prismaAQUA párásító; Szivacsszűrő; Pollenszűrő; Standard gégecső; Baktériumszűrő; ???prismaHYBERNITE készlet; | AP4: prisma_20A_hasznalati.pdf | AQ4: lowenstein-prisma-20a-auto-cpap | AR4: Löwenstein Prisma 20A Auto CPAP készülék | Alvásterápia | AS4: Érintőképernyős Löwenstein Prisma 20A prémium CPAP gép FOT technológiával a precíz apnoé kezelésért. Halk üzem, SoftPAP könnyítés és orvosi megbízhatóság. | AT4: angol | AV4: =VLOOKUP(I4, Kiegészítő_Mátrix!C:E, 3, FALSE) -> #N/A
B5: 1. | C5: Alvásterápiás készülékek | D5: 1.1. | E5: CPAP készülékek | I5: EUX500S15 | J5: DreamStation auto cpap | K5: Engedélyezett | L5: Philips | M5: 298450 | N5: 182880 | O5: 42522 | P5: - | Q5: profi | R5: Világszerte elismert, prémium auto CPAP készülék A-Flex nyomáskönnyítéssel és elegáns megjelenéssel. | S5: A Philips DreamStation a terápiás hatékonyságot ötvözi a modern dizájnnal. Az A-Flex technológia a természetes légzés ritmusát követve szabályozza a nyomást, így elkerülhető a légszomj érzése. Színes kijelzője és intuitív menüje egyszerűvé teszi az adatok követését, a beépített Bluetooth segítségével pedig okostelefonon is láthatja statisztikáit. Fontos információ: A készülék használatához terápiás maszk szükséges, amely külön tétel. Szabványos csatlakozója révén kínálatunk bármelyik maszkjával kompatibilis. | T5: CPAP, APAP | U5: 4-20 cmH2O | V5: 27 dBA | W5: 1.33 kg | X5: 157x193x84 mm | Z5: - | AC5: fehér/szürke | AD5: Igen | AE5: hagyományos | AF5: Opcionális | AG5: Opcionális | AH5: Igen | AI5: Készülék szett | AJ5: Készülék, táska, gégecső, tápegység, tápkábel, szivacsszűrő, útmutató, SD kártya | AK5: - | AL5: Nem | AM5: 2 vagy 3 év (vételár alapján) | AN5: EUXH; 1122446; 1122519; 1147018-01 | AO5: DreamStation párásító; Szivacsszűrő; Pollenszűrő; Baktériumszűrő | AP5: dreamstation_manual_hu.pdf | AQ5: philips-dreamstation-auto-cpap | AR5: Philips DreamStation Auto CPAP készülék | Alvásterápia | AS5: Elegáns Philips DreamStation automata CPAP készülék A-Flex kilégzési nyomáskönnyítéssel, intuitív kezeléssel és csendes terápiás működéssel. Rendelje meg! | AV5: =VLOOKUP(I5, Kiegészítő_Mátrix!C:E, 3, FALSE) -> #N/A
B6: 1. | C6: Alvásterápiás készülékek | D6: 1.1. | E6: CPAP készülékek | I6: EEX520H15C | J6: DreamStation2 auto cpap | K6: Engedélyezett | L6: Philips | M6: 317500 | N6: NEM ELÉRHETŐ | O6: 46023 | P6: - | Q6: nincs | R6: A Philips legújabb generációs, érintőképernyős auto CPAP készüléke beépített párásítóval. Intelligens algoritmusa minden légvételre azonnal reagál, adatai pedig automatikusan szinkronizálódnak. | S6: A Philips DreamStation 2 az intelligens alvásterápia legújabb generációja, amely kompakt méretben nyújt maximális kényelmet. Működési elve az automatikus nyomásszabályozáson alapul: a készülék minden egyes légvételt elemez, és azonnal korrigálja a nyomást a légutak nyitvatartása érdekében, így biztosítva a pihentető alvást. A színes érintőképernyő és az integrált, fűthető párásító rendkívül egyszerűvé teszi a mindennapi használatot. Egyedülálló módon beépített modem és Bluetooth segítségével az adatok automatikusan szinkronizálódnak a felhőbe, így a terápiás információk SD-kártya nélkül is biztonságosan elérhetőek maradnak. A készülék minden reggel visszajelzést ad a maszk illeszkedéséről és a terápia hatékonyságáról, segítve Önt a magabiztos használatban. Fontos információ: A készülék használatához terápiás maszk szükséges, amely külön tétel. Szabványos csatlakozója révén kínálatunk bármelyik maszkjával kompatibilis. | T6: CPAP, APAP | U6: 4 - 20 hPa | V6: 27 dBA | W6: 1.04 kg (párásítóval) | X6: 273.8 x 158.5 x 84.8 mm | Z6: - | AC6: fekete | AD6: Igen (+ Celluláris modem) | AE6: érintőképernyős | AF6: Beépített | AG6: Opcionális | AH6: Nem (belső memória) | AI6: Készülék szett | AJ6: Készülék beépített párásítóval, hordtáska, vékonyított gégecső, tápegység, tápkábel, szivacsszűrő, használati útmutató | AK6: - | AL6: Nem | AM6: 3 év | AN6: EUXH; 1122446; 1122519; 1147018-01 | AO6: DreamStation párásító; Szivacsszűrő; Pollenszűrő; Baktériumszűrő | AP6: dreamstation2_hasznalati.pdf | AQ6: philips-dreamstation-2-auto-cpap | AR6: Philips DreamStation 2 Auto CPAP készülék | Alvásterápia | AS6: Új generációs Philips DreamStation 2 auto CPAP színes érintőképernyővel és beépített párásítóval. Kompakt méret, intelligens algoritmus és maximális kényelem. | AV6: =VLOOKUP(I6, Kiegészítő_Mátrix!C:E, 3, FALSE) -> #N/A
B7: 1. | C7: Alvásterápiás készülékek | D7: 1.1. | E7: CPAP készülékek | I7: 112000205 | J7: AeonMed AS100A auto cpap | K7: Engedélyezett | M7: 247650 | N7: NEM ELÉRHETŐ | O7: 44927 | P7: - | Q7: nincs | R7: Innovatív, érintőképernyős auto CPAP készülék a német Heier szakmai támogatásával. Kompakt design és intelligens technológia a modern alvásterápiáért. | S7: Az AeonMed AS100A a globális orvostechnikai innováció egyik legmodernebb eszköze, melyet a kínai gyártó a neves német Heier céggel szoros szakmai együttműködésben fejlesztett ki. Rendkívül könnyű és modern készülék, a 3,5 colos érintőképernyője és az AS-Elex 7 fokozatú nyomáskönnyítése kiemelkedő komfortot nyújt. Az AS-Dry technológia a terápia végén kiszárítja a gégecsövet és a maszkot, megakadályozva a baktériumok szaporodását. Kis súlya miatt ideális utazóknak, akik nem akarnak kompromisszumot a biztonságban. Fontos információ: A készülék használatához terápiás maszk szükséges, amely külön tétel. Szabványos csatlakozója révén kínálatunk bármelyik maszkjával kompatibilis. | T7: CPAP, APAP | U7: 4-20 hPa | V7: <30 dBA | W7: 0.82 kg | X7: 160x148x99,5 mm | Z7: - | AC7: fekete | AD7: Nincs | AE7: érintőképernyős | AF7: Opcionális | AG7: Nem elérhető | AH7: Igen | AI7: Készülék szett | AJ7: Készülék, táska, gégecső, tápegység, tápkábel, szűrők, útmutató, SD kártya | AK7: - | AL7: Nem | AM7: 2 vagy 3 év (vételár alapján) | AN7: 122014265; AS100_filter | AO7: párásító; AS100 szűrő készlet | AP7: as100a_manual_hu.pdf | AQ7: aeonmed-as100a-auto-cpap-keszulek | AR7: AeonMed AS100A Auto CPAP készülék | Alvásterápia | AS7: Megbízható, érintőképernyős AeonMed AS100A automata CPAP gép csendes üzemeléssel és intelligens nyomásszabályozással alvási apnoé kezelésére. Kérjen segítséget! | AV7: =VLOOKUP(I7, Kiegészítő_Mátrix!C:E, 3, FALSE) -> #N/A
P8: - | AV8: =VLOOKUP(I8, Kiegészítő_Mátrix!C:E, 3, FALSE) -> #N/A
B9: 1. | C9: Alvásterápiás készülékek | D9: 1.2 | E9: BiPAP készülékek | I9: WM 29900-1 | J9: prisma 25S auto BiPAP | K9: Engedélyezett | L9: Löwenstein | M9: 615950 | N9: 336550 | O9: 44378 | P9: - | Q9: profi | R9: Prémium BiLevel készülék komplex légzési problémák és magas nyomásigény hatékony kezelésére. | S9: A Löwenstein Medical prisma 25S egy professzionális terápiás eszköz, amely túllép a hagyományos CPAP határain. Kifejezetten olyan pácienseknek tervezték, akiknél az elhízásos hipoventiláció vagy a COPD miatt két, markánsan eltérő nyomásszintre van szükség a belégzéshez és a kilégzéshez. A készülék egyedülálló trigger-technológiája felismeri a páciens legkisebb légzési erőfeszítését is, és azonnal segíti azt. A német precizitású algoritmus és a SoftPAP technológia gondoskodik arról, hogy a terápia még extrém magas nyomáson is komfortos maradjon, minimálisra csökkentve a tüdő terhelését. Fontos információ: A készülék használatához terápiás maszk szükséges, amely külön tétel. Szabványos csatlakozója révén kínálatunk bármelyik maszkjával kompatibilis. | T9: CPAP, APAP, S, autoS | U9: 4-25 hPa | V9: 26 dBA | W9: 1.4 kg | X9: 170x135x180 mm | Z9: - | AC9: fekete | AD9: Nincs | AE9: érintőképernyős | AF9: Opcionális (fekete) | AG9: ??? Opcionális (külső tápellátással) | AH9: Igen | AI9: Készülék szett | AJ9: Készülék, táska, gégecső, tápegység, tápkábel, szivacsszűrő, útmutató, SD kártya | AK9: - | AL9: Nem | AM9: 3 év | AN9: WM 29680; ???WM 29067; 1147018-01; WM 24445; WM 29652; WM 29928; | AO9: prismaAQUA (fekete); ???prismaHYBERNITE készlet; Baktériumszűrő; Gégecső; Pollenszűrő, Szivacsszűrő | AP9: magyarul - önálló file A20-al együtt Weinmann | AQ9: lowenstein-prisma-25s-auto-bipap | AR9: Löwenstein prisma 25S Auto BiPAP készülék | Alvásterápia | AS9: Prémium Löwenstein prisma 25S automata BiLevel készülék magas nyomásigényre és komplex apnoéra. Csendes működés, SoftPAP és szakértői szerviztámogatás. | AV9: =VLOOKUP(I9, Kiegészítő_Mátrix!C:E, 3, FALSE) -> #N/A
B10: 1. | C10: Alvásterápiás készülékek | D10: 1.2 | E10: BiPAP készülékek | I10: WM 29930-2 | J10: prisma30ST | K10: Engedélyezett | L10: Löwenstein | M10: 1257300 | N10: NEM ELÉRHETŐ | O10: 44378 | P10: - | Q10: profi | R10: Professzionális BiLevel-ST készülék komplex terápiás igényekhez. | S10: A Löwenstein Medical prisma 30ST a BiLevel terápia csúcsát képviseli, amely maximális biztonságot nyújt a legkomplexebb légzészavarok esetén is. Kifejezetten olyan súlyosabb állapotú betegeknek fejlesztették ki, akiknél a légzés folyamatos támogatása mellett egy biztonsági háttérfrekvenciára (ST üzemmód) is szükség van, például központi apnoe vagy krónikus légzési elégtelenség fennállásakor. Az intelligens autoST algoritmus folyamatosan alkalmazkodik a beteg egyéni igényeihez, garantálva a szükséges levegőmennyiséget és az optimális oxigénszintet a legnehezebb éjszakai szakaszokban is. A modern érintőképernyő és a rendkívül halk működés a legmagasabb szintű betegkomfortot szolgálja. Fontos információ: A készülék használatához terápiás maszk szükséges, amely külön tétel. Szabványos csatlakozója révén kínálatunk bármelyik maszkjával kompatibilis. | T10: CPAP, APAP, S, ST, T, autoST, aPCV | U10: 4-30 hPa | V10: 26 dB(A) | W10: 1,4 kg | X10: 170 x 135 x 180 mm | Z10: - | AC10: fekete | AD10: Nincs | AE10: érintőképernyős | AF10: Opcionális (fekete) | AG10: ??? Opcionális (külső tápellátással) | AH10: Igen | AI10: Készülék szett | AJ10: Készülék, táska, gégecső, tápegység, tápkábel, szivacsszűrő, útmutató, SD kártya | AK10: - | AL10: Nem | AM10: 3 év | AN10: WM 29680; ???WM 29067; 1147018-01; WM 24445; WM 29652; WM 29928; | AO10: prismaAQUA (fekete); ???prismaHYBERNITE készlet; Baktériumszűrő; Gégecső; Pollenszűrő, Szivacsszűrő | AP10: magyarul - önálló file A20-al együtt Weinmann | AQ10: lowenstein-prisma-30st-bilevel-keszulek | AR10: Löwenstein prisma30ST BiLevel-ST készülék | Alvásterápia | AS10: Professzionális Löwenstein prisma30ST BiLevel-ST terápiás készülék komplex igényekre. Precíz német technológia, halk üzem és megbízható szervizháttér. | AV10: =VLOOKUP(I10, Kiegészítő_Mátrix!C:E, 3, FALSE) -> #N/A
B11: 1. | C11: Alvásterápiás készülékek | D11: 1.2 | E11: BiPAP készülékek | I11: WM 29960-2110 | J11: prismaCR | K11: Engedélyezett | L11: Löwenstein | M11: 1587500 | N11: NEM ELÉRHETŐ | O11: 44378 | P11: - | Q11: nincs | R11: Speciális AcSV készülék periodikus légzészavarok és szívelégtelenség melletti apnoe kezelésére. | S11: A Löwenstein Medical prisma CR az anticiklikus szervoventiláció (AcSV) technológiájával a periodikus légzészavarok, például a Cheyne-Stokes légzés elismert szakértője. Ezt a professzionális eszközt kifejezetten szívbetegséggel küzdő pácienseknek és komplex alvási apnoéban szenvedőknek tervezték, hogy lélegzetről lélegzetre stabilizálja a szabálytalan légzésmintázatot. A készülék rendkívül gyorsan reagál a légzés intenzitásának változásaira, hatékonyan megakadályozva a fulladásérzetet és a gyakori mikroébredéseket. A német mérnöki precizitás garantálja, hogy a terápia hajszálpontosan kövesse a beteg igényeit, biztosítva a pihentető és biztonságos alvást. Fontos információ: A készülék használatához terápiás maszk szükséges, amely külön tétel. Szabványos csatlakozója révén kínálatunk bármelyik maszkjával kompatibilis. | T11: CPAP, AcSV, (Anticiklikus szervoventiláció) | U11: 4-30 hPa | V11: 26 dBA | W11: 1.4 kg | X11: 170x135x180 mm | Z11: - | AC11: fekete | AD11: Nincs | AE11: érintőképernyős | AF11: Opcionális (fekete) | AG11: Opcionális (külső táp.) | AH11: Igen | AI11: Készülék szett | AJ11: Készülék, táska, gégecső, tápegység, tápkábel, szivacsszűrő, útmutató, SD kártya | AK11: - | AL11: Nem | AM11: 3 év | AN11: WM 29680; ???WM 29067; 1147018-01; 1116700; WM 24445 | AO11: prismaAQUA; ???prismaHYBERNITE; Baktériumszűrő; Pollenszűrő; Szivacsszűrő; | AP11: magyarul - önálló file A20-al együtt Weinmann | AQ11: lowenstein-prisma-cr-acsv-keszulek | AR11: Löwenstein prismaCR AcSV terápiás készülék | Alvásterápia | AS11: Speciális Löwenstein prismaCR szervo-lélegeztető készülék komplex és periodikus légzészavarokra. Orvostechnikai precizitás és megbízható szakértői háttér. | AV11: =VLOOKUP(I11, Kiegészítő_Mátrix!C:E, 3, FALSE) -> #N/A
B12: 1. | C12: Alvásterápiás készülékek | D12: 1.2 | E12: BiPAP készülékek | I12: ? | J12: Dreamstation Bipap? | AP12: magyarul - önálló file | AV12: =VLOOKUP(I12, Kiegészítő_Mátrix!C:E, 3, FALSE) -> #N/A
AV13: =VLOOKUP(I13, Kiegészítő_Mátrix!C:E, 3, FALSE) -> #N/A
B14: 1. | C14: Alvásterápiás készülékek | D14: 1.3 | E14: Kifutott készülékek | I14: WM 27420/s | J14: SomnoBalance (e) auto cpap fehér | K14: Kifutott | L14: Löwenstein | O14: 42036 | Q14: profi | R14: Megbízható klasszikus készülék (Kifutott típus). | S14: FIGYELEM – KIFUTOTT MODELL: Ez a készülék már nem rendelhető. Az orvostechnikai eszközökre vonatkozó gyártói javaslatok és a TB támogatási ciklus alapján a készülékek optimális élettartama 5 év. A 7-8 évnél idősebb gépek esetében az alkatrészellátás már nem garantált. Javasolt utódmodell: prisma SMART (halkabb, modernebb, precízebb). | AN14: WM 24403; WM 24445; WM 15321; WM 25668; 1147018-01 | AO14: párásító, gégecső, szivacsszűrő, pollenszűrő, baktériumszűrő | AP14: magyarul - önálló file | AQ14: lowenstein-somnobalance-cpap-tartozekok | AR14: Löwenstein SomnoBalance CPAP alkatrészek | Alvásterápia | AS14: Eredeti gyári szűrők, gégecsövek és pótalkatrészek a kifutott Löwenstein SomnoBalance készülékhez. Tartsa karban meglévő CPAP gépét megbízhatóan! | AV14: =VLOOKUP(I14, Kiegészítő_Mátrix!C:E, 3, FALSE) -> #N/A
B15: 1. | C15: Alvásterápiás készülékek | D15: 1.3 | E15: Kifutott készülékek | I15: IN561 | J15: Remstar Auto A-Flex | K15: Kifutott | L15: Philips | O15: 41214 | Q15: profi | R15: Korábbi generációs CPAP készülék (Kifutott típus) | S15: FIGYELEM – KIFUTOTT MODELL: Ez a készülék már nem rendelhető. Az orvostechnikai eszközökre vonatkozó gyártói javaslatok és a TB támogatási ciklus alapján a készülékek optimális élettartama 5 év. A 7-8 évnél idősebb gépek esetében az alkatrészellátás már nem garantált. Javasolt utódmodell: prisma SMART (halkabb, modernebb, precízebb). | AN15: 1029330; 1029331; 1032907 | AO15: Remstar szivacsszűrő, pollenszűrő; gégecső | AP15: van (Csilla mappa) | AQ15: philips-remstar-auto-aflex-tartozekok | AR15: Philips Remstar Auto A-Flex CPAP alkatrészek | Alvásterápia | AS15: Kompatibilis szűrők, víztartályok és tartozékok Philips Remstar Auto A-Flex gépekhez. Kifutott típus megbízható gyári alkatrész- és szervizellátással. | AV15: =VLOOKUP(I15, Kiegészítő_Mátrix!C:E, 3, FALSE) -> #N/A
B16: 1. | C16: Alvásterápiás készülékek | D16: 1.3 | E16: Kifutott készülékek | I16: IN461S | J16: Remstar pro C-Flex | K16: Kifutott | L16: Philips | O16: 42795 | Q16: nincs | R16: Korábbi generációs CPAP készülék (Kifutott típus) | S16: FIGYELEM – KIFUTOTT MODELL: Ez a készülék már nem rendelhető. Az orvostechnikai eszközökre vonatkozó gyártói javaslatok és a TB támogatási ciklus alapján a készülékek optimális élettartama 5 év. A 7-8 évnél idősebb gépek esetében az alkatrészellátás már nem garantált. Javasolt utódmodell: prisma SMART (halkabb, modernebb, precízebb). | AN16: 1029330; 1029331; 1032907 | AO16: Remstar szivacsszűrő, pollenszűrő; gégecső | AP16: van Cintia használati | AQ16: philips-remstar-pro-cflex-tartozekok | AR16: Philips Remstar Pro C-Flex CPAP tartozékok | Alvásterápia | AS16: Gyári szűrők, tápegységek és alkatrészek a kifutott Philips Remstar Pro C-Flex készülékhez. Rendeljen pótalkatrészt közvetlenül szaküzletünkből! | AV16: =VLOOKUP(I16, Kiegészítő_Mátrix!C:E, 3, FALSE) -> #N/A
B17: 1. | C17: Alvásterápiás készülékek | D17: 1.3 | E17: Kifutott készülékek | I17: IN751S | J17: BiPAP Auto IN751S | K17: Kifutott | L17: Philips | O17: 40528 | Q17: van | R17: Korábbi generációs BiPAP készülék (Kifutott típus) | S17: FIGYELEM – KIFUTOTT MODELL: Ez a készülék már nem rendelhető. Az orvostechnikai eszközökre vonatkozó gyártói javaslatok és a TB támogatási ciklus alapján a készülékek optimális élettartama 5 év. A 7-8 évnél idősebb gépek esetében az alkatrészellátás már nem garantált. Javasolt utódmodell: prisma SMART (halkabb, modernebb, precízebb). | AN17: 1029330; 1029331; 1032907 | AO17: Remstar szivacsszűrő, pollenszűrő; gégecső | AQ17: philips-bipap-auto-in751s-alkatreszek | AR17: Philips BiPAP Auto IN751S alkatrészek | Alvásterápia | AS17: Eredeti szűrők, maszkok és kiegészítők a korábbi Philips BiPAP Auto IN751S készülékhez. Biztosítsa meglévő terápiás gépe zavartalan működését! | AV17: =VLOOKUP(I17, Kiegészítő_Mátrix!C:E, 3, FALSE) -> #N/A
B18: 1. | C18: Alvásterápiás készülékek | D18: 1.3 | E18: Kifutott készülékek | I18: IN701S | J18: BiPAP Auto M IN701S | K18: Kifutott | L18: Philips | O18: 40528 | Q18: van | R18: Korábbi generációs BiPAP készülék (Kifutott típus) | S18: FIGYELEM – KIFUTOTT MODELL: Ez a készülék már nem rendelhető. Az orvostechnikai eszközökre vonatkozó gyártói javaslatok és a TB támogatási ciklus alapján a készülékek optimális élettartama 5 év. A 7-8 évnél idősebb gépek esetében az alkatrészellátás már nem garantált. Javasolt utódmodell: prisma SMART (halkabb, modernebb, precízebb). | AN18: 1029330; 1029331; 1032907 | AO18: Remstar szivacsszűrő, pollenszűrő; gégecső | AQ18: philips-bipap-auto-m-in701s-tartozekok | AR18: Philips BiPAP Auto M IN701S tartozékok | Alvásterápia | AS18: Kompatibilis szűrők, tápkábelek és alkatrészek a kifutott Philips BiPAP Auto M sorozathoz. Gyors alkatrészpótlás és szakértői háttértámogatás. | AV18: =VLOOKUP(I18, Kiegészítő_Mátrix!C:E, 3, FALSE) -> #N/A
B19: 1. | C19: Alvásterápiás készülékek | D19: 1.3 | E19: Kifutott készülékek | I19: IN171 | J19: Remstar CPAP Flex IN171 | K19: Kifutott | L19: Philips | O19: 41228 | Q19: van | R19: Korábbi generációs CPAP készülék (Kifutott típus) | S19: FIGYELEM – KIFUTOTT MODELL: Ez a készülék már nem rendelhető. Az orvostechnikai eszközökre vonatkozó gyártói javaslatok és a TB támogatási ciklus alapján a készülékek optimális élettartama 5 év. A 7-8 évnél idősebb gépek esetében az alkatrészellátás már nem garantált. Javasolt utódmodell: prisma SMART (halkabb, modernebb, precízebb). | AN19: 1029330; 1029331; 1032907 | AO19: Remstar szivacsszűrő, pollenszűrő; gégecső | AQ19: philips-remstar-cpap-flex-in171-tartozekok | AR19: Philips Remstar CPAP Flex IN171 alkatrészek | Alvásterápia | AS19: Porszűrők, pollenszűrők és kiegészítők a Philips Remstar Flex IN171 készülékhez. Megbízható alkatrészellátás és szerviztámogatás kifutott gépekhez. | AV19: =VLOOKUP(I19, Kiegészítő_Mátrix!C:E, 3, FALSE) -> #N/A
B20: 1. | C20: Alvásterápiás készülékek | D20: 1.3 | E20: Kifutott készülékek | I20: IN251S | J20: Remstar CPAP Flex IN251S | K20: Kifutott | L20: Philips | O20: 41153 | Q20: van | R20: Korábbi generációs CPAP készülék (Kifutott típus) | S20: FIGYELEM – KIFUTOTT MODELL: Ez a készülék már nem rendelhető. Az orvostechnikai eszközökre vonatkozó gyártói javaslatok és a TB támogatási ciklus alapján a készülékek optimális élettartama 5 év. A 7-8 évnél idősebb gépek esetében az alkatrészellátás már nem garantált. Javasolt utódmodell: prisma SMART (halkabb, modernebb, precízebb). | AN20: 1029330; 1029331; 1032907 | AO20: Remstar szivacsszűrő, pollenszűrő; gégecső | AQ20: philips-remstar-cpap-flex-in251s-szurok | AR20: Philips Remstar Flex IN251S alkatrészek | Alvásterápia | AS20: Rendeljen eredeti szűrőket és gégecsöveket a klasszikus Philips Remstar Flex IN251S CPAP gépéhez. Fenntartás és tartozékok szakértői garanciával. | AV20: =VLOOKUP(I20, Kiegészítő_Mátrix!C:E, 3, FALSE) -> #N/A
B21: 1. | C21: Alvásterápiás készülékek | D21: 1.3 | E21: Kifutott készülékek | I21: IN101 | J21: Remstar M CPAP IN101 | K21: Kifutott | L21: Philips | O21: 40528 | Q21: van | R21: Korábbi generációs CPAP készülék (Kifutott típus) | S21: FIGYELEM – KIFUTOTT MODELL: Ez a készülék már nem rendelhető. Az orvostechnikai eszközökre vonatkozó gyártói javaslatok és a TB támogatási ciklus alapján a készülékek optimális élettartama 5 év. A 7-8 évnél idősebb gépek esetében az alkatrészellátás már nem garantált. Javasolt utódmodell: prisma SMART (halkabb, modernebb, precízebb). | AN21: 1029330; 1029331; 1032907 | AO21: Remstar szivacsszűrő, pollenszűrő; gégecső | AQ21: philips-remstar-m-cpap-in101-tartozekok | AR21: Philips Remstar M CPAP IN101 alkatrészek | Alvásterápia | AS21: Kompatibilis szivacsszűrők, finomszűrők és tartozékok a korábbi generációs Philips Remstar M sorozathoz. Gondoskodjon készüléke tiszta üzemeléséről! | AV21: =VLOOKUP(I21, Kiegészítő_Mátrix!C:E, 3, FALSE) -> #N/A
B22: 1. | C22: Alvásterápiás készülékek | D22: 1.3 | E22: Kifutott készülékek | I22: IN761S | J22: BiPAP Auto BiFlex System one | K22: Kifutott | L22: Philips | O22: 41275 | Q22: van | R22: Korábbi generációs BiPAP készülék (Kifutott típus) | S22: FIGYELEM – KIFUTOTT MODELL: Ez a készülék már nem rendelhető. Az orvostechnikai eszközökre vonatkozó gyártói javaslatok és a TB támogatási ciklus alapján a készülékek optimális élettartama 5 év. A 7-8 évnél idősebb gépek esetében az alkatrészellátás már nem garantált. Javasolt utódmodell: prisma SMART (halkabb, modernebb, precízebb). | AN22: 1029330; 1029331; 1032907 | AO22: Remstar szivacsszűrő, pollenszűrő; gégecső | AP22: van (Csilla mappa) | AQ22: philips-bipap-auto-system-one-alkatreszek | AR22: Philips System One BiPAP alkatrészek | Alvásterápia | AS22: Gyári System One víztartályok, pollenszűrők és csövek Philips BiPAP Auto készülékekhez. Kifutott típus megbízható alkatrész- és tartozékellátással. | AV22: =VLOOKUP(I22, Kiegészítő_Mátrix!C:E, 3, FALSE) -> #N/A
B23: 1. | C23: Alvásterápiás készülékek | D23: 1.3 | E23: Kifutott készülékek | I23: IN961S | J23: BiPAP AutoSV | K23: Kifutott | L23: Philips | O23: 41518 | Q23: van | R23: Korábbi generációs BiPAP készülék (Kifutott típus) | S23: FIGYELEM – KIFUTOTT MODELL: Ez a készülék már nem rendelhető. Az orvostechnikai eszközökre vonatkozó gyártói javaslatok és a TB támogatási ciklus alapján a készülékek optimális élettartama 5 év. A 7-8 évnél idősebb gépek esetében az alkatrészellátás már nem garantált. Javasolt utódmodell: prisma SMART (halkabb, modernebb, precízebb). | AN23: 1029330; 1029331; 1032907 | AO23: Remstar szivacsszűrő, pollenszűrő; gégecső | AP23: van szkennelt (fordítások2) | AQ23: philips-bipap-autosv-tartozekok | AR23: Philips BiPAP AutoSV készülék alkatrészek | Alvásterápia | AS23: Speciális tartozékok, szűrők és légzőcsövek a Philips BiPAP AutoSV terápiás géphez. Szakértői háttér és kompatibilis kiegészítők kifutott modellekhez. | AV23: =VLOOKUP(I23, Kiegészítő_Mátrix!C:E, 3, FALSE) -> #N/A
B24: 1. | C24: Alvásterápiás készülékek | D24: 1.3 | E24: Kifutott készülékek | I24: IN1161X | J24: BiPAP Avaps | K24: Kifutott | L24: Philips | O24: 43101 | Q24: van | R24: Korábbi generációs BiPAP készülék (Kifutott típus) | S24: FIGYELEM – KIFUTOTT MODELL: Ez a készülék már nem rendelhető. Az orvostechnikai eszközökre vonatkozó gyártói javaslatok és a TB támogatási ciklus alapján a készülékek optimális élettartama 5 év. A 7-8 évnél idősebb gépek esetében az alkatrészellátás már nem garantált. Javasolt utódmodell: prisma SMART (halkabb, modernebb, precízebb). | AN24: 1029330; 1029331; 1032907 | AO24: Remstar szivacsszűrő, pollenszűrő; gégecső | AQ24: philips-bipap-avaps-alkatreszek | AR24: Philips BiPAP AVAPS alkatrészek és szűrők | Alvásterápia | AS24: Gyári szűrők, tápegységek és gégecsövek Philips BiPAP AVAPS lélegeztető készülékhez. Tartsa megbízható állapotban gépe alkatrész-ellátottságát! | AV24: =VLOOKUP(I24, Kiegészítő_Mátrix!C:E, 3, FALSE) -> #N/A
AV25: =VLOOKUP(I25, Kiegészítő_Mátrix!C:E, 3, FALSE) -> #N/A
B26: 2. | C26: Párásítók | I26: WM 29490 | J26: Prisma Aqua párásító fehér | K26: Engedélyezett | L26: Löwenstein | M26: 80010 | N26: 40005 | O26: 44197 | P26: - | Q26: profi | R26: Fűthető párásító prisma SMART és a prisma SMART Plus készülékekhez, fehér színben. | S26: A prismaAQUA fűthető párásító a terápiás komfort növelésének kulcsfontosságú eszköze, amely megakadályozza a légutak és a szájnyálkahártya kiszáradását. A készülékbe észrevétlenül integrálható egység fűtési intenzitása a CPAP készülék menüjéből egyszerűen szabályozható 5 fokozatban, így a páratartalom mindig a páciens egyéni igényeihez igazítható. A tartály kialakítása lehetővé teszi a könnyű töltést és a higiénikus tisztítást. Fontos előírás, hogy a párásító használatával egyidejűleg a kerek baktériumszűrő alkalmazása tilos! Az Ön egészségének, valamint a párásító élettartamának megőrzése érdekében desztillált víz használata javasolt. További hasznos tippekért és a helyes karbantartásért töltse le weboldalunkról a Párásító Kalauzt! | W26: kb. 0,6 kg (víz nélkül) | X26: 140 x 135 x 120 mm | Z26: max 400 ml | AB26: 37 °C | AC26: fehér | AJ26: párásító egység (párásító kamra és víztartály), használati útmutató | AL26: nem | AM26: 2 év | AN26: LMT 31920-1110 | AO26: PrismaSmart Plus | AP26: párásító kalauz letölthető | AQ26: lowenstein-prisma-aqua-parasito-feher | AR26: Löwenstein prismaAQUA fűthető párásító fehér | Alvásterápia | AS26: Gyári fűthető Löwenstein prismaAQUA párásító fehér színben, prisma SMART és SMART Plus készülékekhez. Szájszárazság ellen, optimális éjszakai páratartalom. | AV26: =VLOOKUP(I26, Kiegészítő_Mátrix!C:E, 3, FALSE) -> Prisma kiegészítők
B27: 2. | C27: Párásítók | I27: WM 29680 | J27: Prisma Aqua párásító fekete | K27: Engedélyezett | L27: Löwenstein | M27: 80010 | N27: 40005 | O27: 42005 | P27: - | Q27: profi | R27: Fűthető párásító prisma SMART, prisma 20A CPAP készülékekhez, valamint a prisma BiPAP (25S , 30ST és CR) készülékekhez, fekete színben. | S27: A prismaAQUA fűthető párásító a terápiás komfort növelésének kulcsfontosságú eszköze, amely megakadályozza a légutak és a szájnyálkahártya kiszáradását. A készülékbe észrevétlenül integrálható egység fűtési intenzitása a CPAP készülék menüjéből egyszerűen szabályozható, 5 fokozatban, így a páratartalom mindig a páciens egyéni igényeihez igazítható. A tartály kialakítása lehetővé teszi a könnyű töltést és a higiénikus tisztítást. Fontos előírás, hogy a párásító használatával egyidejűleg a kerek baktériumszűrő alkalmazása tilos! Az Ön egészségének, valamint a párásító élettartamának megőrzése érdekében desztillált víz használata javasolt. További hasznos tippekért és a helyes karbantartásért töltse le weboldalunkról a Párásító Kalauzt! | W27: kb. 0,6 kg (víz nélkül) | X27: 140 x 135 x 120 mm | Z27: max 400 ml | AB27: 37 °C | AC27: fekete | AJ27: párásító egység (párásító kamra és víztartály), használati útmutató | AL27: Nem | AM27: 2 év | AN27: LMT 31785-1110; WM 29600-1; WM 29900-1; WM 29930-2; WM 29960-2110 | AO27: PrismaSmart, A20, 25S, 30ST, CR | AP27: párásító kalauz letölthető | AQ27: lowenstein-prisma-aqua-parasito-fekete | AR27: Löwenstein prismaAQUA fűthető párásító fekete | Alvásterápia | AS27: Eredeti fekete Löwenstein prismaAQUA fűthető párásító prisma SMART, 20A és BiPAP gépekhez. Hatékony megelőzés a légúti kiszáradás ellen. Rendelje meg! | AV27: =VLOOKUP(I27, Kiegészítő_Mátrix!C:E, 3, FALSE) -> Prisma kiegészítők
B28: 2. | C28: Párásítók | I28: WM 24403 | J28: SomnoAqua fűtött párásító | K28: Engedélyezett | L28: Löwenstein | M28: 80010 | N28: 40005 | O28: 42036 | P28: - | Q28: profi | R28: Fűthető párásító a korábbi SOMNObalance készülékhez. | S28: A somnoAQUA párásító a kifutott SOMNObalance készülékek dedikált kiegészítője, csak ezen típusokkal kompatibilis. Segít a terápiás levegő nedvesítésében, javítva az alvásminőséget. Fontos előírás, hogy a párásító használatával egyidejűleg a kerek baktériumszűrő alkalmazása tilos! Az Ön egészségének, valamint a párásító élettartamának megőrzése érdekében desztillált víz használata javasolt. További hasznos tippekért és a helyes karbantartásért töltse le weboldalunkról a Párásító Kalauzt! | W28: kb. 0,6 kg (víz nélkül) | X28: 140 x 150 x 100 mm | Z28: max. 300 ml | AB28: 37 °C | AC28: átlátszó | AJ28: párásító egység (párásító kamra és víztartály), használati útmutató | AL28: Nem | AM28: 2 év | AN28: WM 27420/s | AO28: Somnobalance | AP28: van SomnoBalance-éban | AQ28: lowenstein-somnoaqua-futott-parasito | AR28: Löwenstein SomnoAqua fűthető párásító | Alvásterápia | AS28: Gyári Löwenstein SomnoAqua fűthető párásító egység a SOMNObalance CPAP készülékekhez. Kellemes, meleg páratartalom és irritációmentes éjszakai légzés. | AV28: =VLOOKUP(I28, Kiegészítő_Mátrix!C:E, 3, FALSE) -> Somnobalance kiegészítők
B29: 2. | C29: Párásítók | I29: EUXH | J29: DreamStation fűthető párásító EUXH | K29: Engedélyezett | L29: Philips | M29: 80010 | N29: 40005 | O29: 42522 | P29: - | Q29: NINCS | R29: Fűthető párásító egység Philips Dreamstation készülékhez. | S29: A Philips DreamStation párásító egysége adaptív módon szabályozza a páratartalmat, figyelembe véve a környezeti hőmérséklet változásait is, így minimalizálva a gégecsőben való páralecsapódást. A tartály felnyitható fedele rendkívül könnyű tisztítást tesz lehetővé. Kompakt kialakítása révén a készülék és a párásító egységes, elegáns megjelenést kölcsönöz a hálószobában. Fontos előírás, hogy a párásító használatával egyidejűleg a kerek baktériumszűrő alkalmazása tilos! Az Ön egészségének, valamint a párásító élettartamának megőrzése érdekében desztillált víz használata javasolt. További hasznos tippekért és a helyes karbantartásért töltse le weboldalunkról a Párásító Kalauzt! | Z29: max. 325 ml | AN29: gép | AP29: magyarul - önálló file | AQ29: philips-dreamstation-futheto-parasito-euxh | AR29: Philips DreamStation fűthető párásító | Alvásterápia | AS29: Eredeti Philips DreamStation fűthető párásító egység intelligens páraszabályozással. Megszünteti a szájszárazságot és növeli az alvásterápia komfortját. | AV29: =VLOOKUP(I29, Kiegészítő_Mátrix!C:E, 3, FALSE) -> Dreamstation1 kiegészítők
B30: 2. | C30: Párásítók | I30: 122014265 | J30: Párásító AS100A készülékhez | K30: Engedélyezett | M30: 61595 | N30: NEM ELÉRHETŐ | O30: 44927 | P30: - | Q30: NINCS | R30: Fűthető párásító egység Aeonmed készülékekhez. | S30: Az Aeonmed AS100A párásító egyszerű és hatékony megoldást kínál az orr- és torokszárazság megelőzésére, 5 fokozatban. A tartály könnyen kivehető a készülékből, így a feltöltés és a tisztítás pár másodperc alatt elvégezhető. Megbízható fűtési technológiája stabil páratartalmat biztosít az éjszaka folyamán. Fontos előírás, hogy a párásító használatával egyidejűleg a kerek baktériumszűrő alkalmazása tilos! Az Ön egészségének, valamint a párásító élettartamának megőrzése érdekében desztillált víz használata javasolt. További hasznos tippekért és a helyes karbantartásért töltse le weboldalunkról a Párásító Kalauzt! | W30: 0,44 kg | X30: 87 x 148 x 99,5 mm | Z30: max. 300ml | AA30: Ki, 1-5 | AB30: 43 °C | AC30: átlátszó | AJ30: párásító egység (párásító kamra és víztartály), használati útmutató | AL30: Nem | AM30: 2 év | AN30: 112000205 | AO30: AeonMEd AS100 | AQ30: aeonmed-as100a-futheto-parasito | AR30: AeonMed AS100A fűthető párásító egység | Alvásterápia | AS30: Gyári fűthető párásító AeonMed AS100A CPAP készülékekhez. Könnyen feltölthető és tisztítható vízkamra a szivárgásmentes, párásított légúti támogatásért. | AV30: =VLOOKUP(I30, Kiegészítő_Mátrix!C:E, 3, FALSE) -> Aeonmed kiegészítők
AV31: =VLOOKUP(I31, Kiegészítő_Mátrix!C:E, 3, FALSE) -> #N/A
B32: 3. | C32: Maszkok | D32: 3.1 | E32: Orrmaszkok | H32: CARA-ORRMASZK | I32: WM 25590 | J32: Cara (XS) | K32: Engedélyezett | L32: Löwenstein | M32: 37973 | N32: 7595 | O32: 44075 | P32: XS | Q32: profi | R32: Selymes érintés és német precizitás: az ultrakönnyű kényelem új szintje. | S32: A német Löwenstein Medical CARA orrmaszkja a modern dizájn és a kiemelkedő betegkomfort találkozása. Kifejlesztésekor a cél a tökéletes illeszkedés, a csendes működés és a bőrbarát kivitel volt. A maszk pehelykönnyű, puha és hajlékony szerkezete, valamint az állítható fejpántja révén szinte észrevétlen marad az éjszaka folyamán, így ideális megoldást kínál szinte minden felhasználó számára. A CARA maszk-család kiváló minőségét a 2018-as nemzetközi Focus Open dizájn-díj is visszaigazolja. Szakmai érv: A CARA különlegessége a tökéletesített, diffúz kilégzőrendszer: a könyöknél elhelyezkedő barázdált nyílások porlasztva engedik ki a felesleges levegőt, ami így nem kelt huzatérzetet, és nem zavarja sem a beteget, sem az alvótársát. A könyökidom felső része zárt, ami megakadályozza a levegő szem felé áramlását. A maszk puha és ruganyos párnája homloktámasz nélkül is követi az arc kontúrját, így csökkentve a nyomáspontok kialakulását. A fejpánt bőrbarát textíliája OEKO-TEX STANDARD 100 minősítéssel rendelkezik, garantálva az irritációmentes viselést. Főbb előnyök: - Szuperkönnyű kivitel: Mindössze 58–60 gramm, alig érezhető az arcon. - XS méretben is elérhető: Kifejezetten alkalmas a nagyon kisméretű arcformákhoz is. - Csendes technológia: Továbbfejlesztett kilégzőrendszer a zavartalan alvásért. - Prémium anyaghasználat: Nagyon tartós váz és OEKO-TEX minősítésű textil. - Rugalmas méretezés: L-es méretű fejpánt külön is rendelhető a maximális testreszabhatóságért. | U32: 4-30hPA | W32: 58 g | X32: 72 x 112 x 70 mm | Y32: 74 ml | AI32: Méretenként | AJ32: A választott méretű orrpárna, fejpánt, maszkváz | AK32: Nem | AL32: Igen | AM32: 2 év | AN32: WM 25192; WM 25189 | AO32: CARA fejpánt, CARA orrpárna XS | AP32: hun, en, stb összevontan | AQ32: lowenstein-cara-orrmaszk-xs | AR32: Löwenstein CARA orrmaszk XS méret | Alvásterápia | AS32: Ultrakönnyű Löwenstein CARA CPAP orrmaszk XS méretben. Puha szilikonpárna, csendes kilégzés és anatómiai illeszkedés a zavartalan alvásért. Rendelje meg! | AV32: =VLOOKUP(I32, Kiegészítő_Mátrix!C:E, 3, FALSE) -> #N/A
B33: 3. | C33: Maszkok | D33: 3.1 | E33: Orrmaszkok | H33: CARA-ORRMASZK | I33: WM 25600 | J33: Cara (S/M) | K33: Engedélyezett | L33: Löwenstein | M33: 37973 | N33: 7595 | O33: 43160 | P33: S/M | Q33: profi | R33: Selymes érintés és német precizitás: az ultrakönnyű kényelem új szintje. | S33: A német Löwenstein Medical CARA orrmaszkja a modern dizájn és a kiemelkedő betegkomfort találkozása. Kifejlesztésekor a cél a tökéletes illeszkedés, a csendes működés és a bőrbarát kivitel volt. A maszk pehelykönnyű, puha és hajlékony szerkezete, valamint az állítható fejpántja révén szinte észrevétlen marad az éjszaka folyamán, így ideális megoldást kínál szinte minden felhasználó számára. A CARA maszk-család kiváló minőségét a 2018-as nemzetközi Focus Open dizájn-díj is visszaigazolja. Szakmai érv: A CARA különlegessége a tökéletesített, diffúz kilégzőrendszer: a könyöknél elhelyezkedő barázdált nyílások porlasztva engedik ki a felesleges levegőt, ami így nem kelt huzatérzetet, és nem zavarja sem a beteget, sem az alvótársát. A könyökidom felső része zárt, ami megakadályozza a levegő szem felé áramlását. A maszk puha és ruganyos párnája homloktámasz nélkül is követi az arc kontúrját, így csökkentve a nyomáspontok kialakulását. A fejpánt bőrbarát textíliája OEKO-TEX STANDARD 100 minősítéssel rendelkezik, garantálva az irritációmentes viselést. Főbb előnyök: - Szuperkönnyű kivitel: Mindössze 58–60 gramm, alig érezhető az arcon. - XS méretben is elérhető: Kifejezetten alkalmas a nagyon kisméretű arcformákhoz is. - Csendes technológia: Továbbfejlesztett kilégzőrendszer a zavartalan alvásért. - Prémium anyaghasználat: Nagyon tartós váz és OEKO-TEX minősítésű textil. - Rugalmas méretezés: L-es méretű fejpánt külön is rendelhető a maximális testreszabhatóságért. | U33: 4-30hPA | W33: 59 g | X33: 72 x 117 x 70 mm | Y33: 76 ml | AI33: Méretenként | AJ33: A választott méretű orrpárna, fejpánt, maszkváz | AK33: Nem | AL33: Igen | AM33: 2 év | AN33: WM 25192; WM 25238 | AO33: CARA fejpánt, CARA orrpárna S/M | AP33: hun, en, stb összevontan | AQ33: lowenstein-cara-orrmaszk-sm | AR33: Löwenstein CARA orrmaszk S/M méret | Alvásterápia | AS33: Ultrakönnyű Löwenstein CARA CPAP orrmaszk S/M méretben. Puha szilikonpárna, csendes kilégzés és anatómiai illeszkedés a zavartalan alvásért. Rendelje meg! | AV33: =VLOOKUP(I33, Kiegészítő_Mátrix!C:E, 3, FALSE) -> #N/A
B34: 3. | C34: Maszkok | D34: 3.1 | E34: Orrmaszkok | H34: CARA-ORRMASZK | I34: WM 25610 | J34: Cara (M/L) | K34: Engedélyezett | L34: Löwenstein | M34: 37973 | N34: 7595 | O34: 43160 | P34: M/L | Q34: profi | R34: Selymes érintés és német precizitás: az ultrakönnyű kényelem új szintje. | S34: A német Löwenstein Medical CARA orrmaszkja a modern dizájn és a kiemelkedő betegkomfort találkozása. Kifejlesztésekor a cél a tökéletes illeszkedés, a csendes működés és a bőrbarát kivitel volt. A maszk pehelykönnyű, puha és hajlékony szerkezete, valamint az állítható fejpántja révén szinte észrevétlen marad az éjszaka folyamán, így ideális megoldást kínál szinte minden felhasználó számára. A CARA maszk-család kiváló minőségét a 2018-as nemzetközi Focus Open dizájn-díj is visszaigazolja. Szakmai érv: A CARA különlegessége a tökéletesített, diffúz kilégzőrendszer: a könyöknél elhelyezkedő barázdált nyílások porlasztva engedik ki a felesleges levegőt, ami így nem kelt huzatérzetet, és nem zavarja sem a beteget, sem az alvótársát. A könyökidom felső része zárt, ami megakadályozza a levegő szem felé áramlását. A maszk puha és ruganyos párnája homloktámasz nélkül is követi az arc kontúrját, így csökkentve a nyomáspontok kialakulását. A fejpánt bőrbarát textíliája OEKO-TEX STANDARD 100 minősítéssel rendelkezik, garantálva az irritációmentes viselést. Főbb előnyök: - Szuperkönnyű kivitel: Mindössze 58–60 gramm, alig érezhető az arcon. - XS méretben is elérhető: Kifejezetten alkalmas a nagyon kisméretű arcformákhoz is. - Csendes technológia: Továbbfejlesztett kilégzőrendszer a zavartalan alvásért. - Prémium anyaghasználat: Nagyon tartós váz és OEKO-TEX minősítésű textil. - Rugalmas méretezés: L-es méretű fejpánt külön is rendelhető a maximális testreszabhatóságért. | U34: 4-30hPA | W34: 60 g | X34: 72 x 118 x 70 mm | Y34: 79 ml | AI34: Méretenként | AJ34: A választott méretű orrpárna, fejpánt, maszkváz | AK34: Nem | AL34: Igen | AM34: 2 év | AN34: WM 25192; WM 25239; | AO34: CARA fejpánt, CARA orrpárna M/L | AP34: hun, en, stb összevontan | AQ34: lowenstein-cara-orrmaszk-ml | AR34: Löwenstein CARA orrmaszk M/L méret | Alvásterápia | AS34: Ultrakönnyű Löwenstein CARA CPAP orrmaszk M/L méretben. Puha szilikonpárna, csendes kilégzés és anatómiai illeszkedés a zavartalan alvásért. Rendelje meg! | AV34: =VLOOKUP(I34, Kiegészítő_Mátrix!C:E, 3, FALSE) -> #N/A
B35: 3. | C35: Maszkok | D35: 3.1 | E35: Orrmaszkok | H35: CARA-ORRMASZK | I35: WM 25580 | J35: Cara (XL) | K35: Engedélyezett | L35: Löwenstein | M35: 37973 | N35: 7595 | P35: XL | R35: Selymes érintés és német precizitás: az ultrakönnyű kényelem új szintje. | S35: A német Löwenstein Medical CARA orrmaszkja a modern dizájn és a kiemelkedő betegkomfort találkozása. Kifejlesztésekor a cél a tökéletes illeszkedés, a csendes működés és a bőrbarát kivitel volt. A maszk pehelykönnyű, puha és hajlékony szerkezete, valamint az állítható fejpántja révén szinte észrevétlen marad az éjszaka folyamán, így ideális megoldást kínál szinte minden felhasználó számára. A CARA maszk-család kiváló minőségét a 2018-as nemzetközi Focus Open dizájn-díj is visszaigazolja. Szakmai érv: A CARA különlegessége a tökéletesített, diffúz kilégzőrendszer: a könyöknél elhelyezkedő barázdált nyílások porlasztva engedik ki a felesleges levegőt, ami így nem kelt huzatérzetet, és nem zavarja sem a beteget, sem az alvótársát. A könyökidom felső része zárt, ami megakadályozza a levegő szem felé áramlását. A maszk puha és ruganyos párnája homloktámasz nélkül is követi az arc kontúrját, így csökkentve a nyomáspontok kialakulását. A fejpánt bőrbarát textíliája OEKO-TEX STANDARD 100 minősítéssel rendelkezik, garantálva az irritációmentes viselést. Főbb előnyök: - Szuperkönnyű kivitel: Mindössze 58–60 gramm, alig érezhető az arcon. - XS méretben is elérhető: Kifejezetten alkalmas a nagyon kisméretű arcformákhoz is. - Csendes technológia: Továbbfejlesztett kilégzőrendszer a zavartalan alvásért. - Prémium anyaghasználat: Nagyon tartós váz és OEKO-TEX minősítésű textil. - Rugalmas méretezés: L-es méretű fejpánt külön is rendelhető a maximális testreszabhatóságért. | U35: 4-30hPA | W35: 69 g | X35: 70 x 125 x 75 mm | Y35: 98 ml | AI35: Méretenként | AJ35: A választott méretű orrpárna, fejpánt, maszkváz | AK35: Nem | AL35: Igen | AM35: 2 év | AN35: WM 25192; WM 25576 | AO35: CARA fejpánt, CARA orrpárna XL | AP35: hun, en, stb összevontan | AQ35: lowenstein-cara-orrmaszk-xl | AR35: Löwenstein CARA orrmaszk XL méret | Alvásterápia | AS35: Ultrakönnyű Löwenstein CARA CPAP orrmaszk XL méretben. Puha szilikonpárna, csendes kilégzés és anatómiai illeszkedés a zavartalan alvásért. Rendelje meg! | AV35: =VLOOKUP(I35, Kiegészítő_Mátrix!C:E, 3, FALSE) -> #N/A
B36: 3. | C36: Maszkok | D36: 3.1 | E36: Orrmaszkok | H36: J.EASY-ORRMASZK | I36: WM 25510 | J36: Joyce Easy (S) | K36: Engedélyezett | L36: Löwenstein | M36: 39370 | N36: 8992 | O36: 41640 | P36: S | Q36: profi | R36: A stabilitás és az egyéni testreszabhatóság bajnoka – az egyik legnépszerűbb választásunk. | S36: A Löwenstein Medical JOYCEeasy orrmaszk az „intelligens választás” az alvásterápiában. Minden részletében az egyszerűséget, a tartósságot és a kényelmet képviseli. Úgy tervezték, hogy optimális illeszkedése révén minimalizálja a szivárgást, ezzel növelve a terápia hatékonyságát. A maszk használata rendkívül praktikus: az egyszer beállított fejpánt rögzítése a színkódolt kapcsok segítségével minden alkalommal gyors és magabiztos marad, segítve a pácienst a helyes felhelyezésben. Szakmai érv: A JOYCEeasy legfontosabb megkülönböztető jegye a hagyományos szilikon maszkokkal szemben az orrpárnán és a homloktámaszon alkalmazott, selymesen puha SilkTec bevonat. Ez a bőrbarát réteg drasztikusan csökkenti a szilikon és az arcbőr közötti súrlódást, megelőzve a pirosságot és az irritációt. A maszk továbbfejlesztett, csendes kilégzőrendszere és a 360 fokban mozgó gömbcsatlakozása biztosítja a páciens mozgásszabadságát és az alvótárs zavartalan pihenését. A kialakításnak köszönhetően a nyomáspontok egyenletesen oszlanak el, így magasabb nyomáson is kényelmes marad. Főbb előnyök: - SilkTec technológia: Selymesen puha tapintás és irritációmentes viselet az orrpárnán és a homloktámaszon. - Intuitív rögzítés: Színkódolt kapcsok segítik a gyors és hibamentes felhelyezést. - Tökéletes illeszkedés: Stabil illeszkedés, amely tehermentesíti az érzékeny nyomáspontokat. - Csendes működés: Optimalizált kilégzőrendszer a zajmentes éjszakákért. - Precíz méretezés: S, M és L méretben is elérhető a pontos anatómiai illeszkedés érdekében. | U36: 4-30hPA | W36: 94 g | X36: kb. 100 x 100 x 80 mm | Y36: 100 ml | AI36: Méretenként | AJ36: A választott méretű orrpárna, fejpánt, maszkváz | AK36: Nem | AL36: Nem | AM36: 2 év | AN36: WM 25505; WM 26801; WM 26803; | AO36: J.Easy fejpánt, J.One/Easy homloktámasz, J.Easy orrpárna S | AP36: hun, en, stb összevontan | AQ36: lowenstein-joyce-easy-orrmaszk-s | AR36: Löwenstein JOYCE Easy orrmaszk S méret | Alvásterápia | AS36: Klasszikus, rendkívül stabil Löwenstein JOYCE Easy CPAP orrmaszk S méretben. Állítható homloktámasz, csendes szelep és szivárgásmentes illeszkedés. | AV36: =VLOOKUP(I36, Kiegészítő_Mátrix!C:E, 3, FALSE) -> #N/A
B37: 3. | C37: Maszkok | D37: 3.1 | E37: Orrmaszkok | H37: J.EASY-ORRMASZK | I37: WM 25520 | J37: Joyce Easy (M) | K37: Engedélyezett | L37: Löwenstein | M37: 39370 | N37: 8992 | O37: 41640 | P37: M | Q37: profi | R37: A stabilitás és az egyéni testreszabhatóság bajnoka – az egyik legnépszerűbb választásunk. | S37: A Löwenstein Medical JOYCEeasy orrmaszk az „intelligens választás” az alvásterápiában. Minden részletében az egyszerűséget, a tartósságot és a kényelmet képviseli. Úgy tervezték, hogy optimális illeszkedése révén minimalizálja a szivárgást, ezzel növelve a terápia hatékonyságát. A maszk használata rendkívül praktikus: az egyszer beállított fejpánt rögzítése a színkódolt kapcsok segítségével minden alkalommal gyors és magabiztos marad, segítve a pácienst a helyes felhelyezésben. Szakmai érv: A JOYCEeasy legfontosabb megkülönböztető jegye a hagyományos szilikon maszkokkal szemben az orrpárnán és a homloktámaszon alkalmazott, selymesen puha SilkTec bevonat. Ez a bőrbarát réteg drasztikusan csökkenti a szilikon és az arcbőr közötti súrlódást, megelőzve a pirosságot és az irritációt. A maszk továbbfejlesztett, csendes kilégzőrendszere és a 360 fokban mozgó gömbcsatlakozása biztosítja a páciens mozgásszabadságát és az alvótárs zavartalan pihenését. A kialakításnak köszönhetően a nyomáspontok egyenletesen oszlanak el, így magasabb nyomáson is kényelmes marad. Főbb előnyök: - SilkTec technológia: Selymesen puha tapintás és irritációmentes viselet az orrpárnán és a homloktámaszon. - Intuitív rögzítés: Színkódolt kapcsok segítik a gyors és hibamentes felhelyezést. - Tökéletes illeszkedés: Stabil illeszkedés, amely tehermentesíti az érzékeny nyomáspontokat. - Csendes működés: Optimalizált kilégzőrendszer a zajmentes éjszakákért. - Precíz méretezés: S, M és L méretben is elérhető a pontos anatómiai illeszkedés érdekében. | U37: 4-30hPA | W37: 97 g | X37: kb. 105 x 110 x 80 mm | Y37: 105 ml | AI37: Méretenként | AJ37: A választott méretű orrpárna, fejpánt, maszkváz | AK37: Nem | AL37: Nem | AM37: 2 év | AN37: WM 25505; WM 26801; WM 26803; | AO37: J.Easy fejpánt, J.One/Easy homloktámasz J.Easy orrpárna M | AP37: hun, en, stb összevontan | AQ37: lowenstein-joyce-easy-orrmaszk-m | AR37: Löwenstein JOYCE Easy orrmaszk M méret | Alvásterápia | AS37: Klasszikus, rendkívül stabil Löwenstein JOYCE Easy CPAP orrmaszk M méretben. Állítható homloktámasz, csendes szelep és szivárgásmentes illeszkedés. | AV37: =VLOOKUP(I37, Kiegészítő_Mátrix!C:E, 3, FALSE) -> #N/A
B38: 3. | C38: Maszkok | D38: 3.1 | E38: Orrmaszkok | H38: J.EASY-ORRMASZK | I38: WM 25530 | J38: Joyce Easy (L) | K38: Engedélyezett | L38: Löwenstein | M38: 39370 | N38: 8992 | O38: 41640 | P38: L | Q38: profi | R38: A stabilitás és az egyéni testreszabhatóság bajnoka – az egyik legnépszerűbb választásunk. | S38: A Löwenstein Medical JOYCEeasy orrmaszk az „intelligens választás” az alvásterápiában. Minden részletében az egyszerűséget, a tartósságot és a kényelmet képviseli. Úgy tervezték, hogy optimális illeszkedése révén minimalizálja a szivárgást, ezzel növelve a terápia hatékonyságát. A maszk használata rendkívül praktikus: az egyszer beállított fejpánt rögzítése a színkódolt kapcsok segítségével minden alkalommal gyors és magabiztos marad, segítve a pácienst a helyes felhelyezésben. Szakmai érv: A JOYCEeasy legfontosabb megkülönböztető jegye a hagyományos szilikon maszkokkal szemben az orrpárnán és a homloktámaszon alkalmazott, selymesen puha SilkTec bevonat. Ez a bőrbarát réteg drasztikusan csökkenti a szilikon és az arcbőr közötti súrlódást, megelőzve a pirosságot és az irritációt. A maszk továbbfejlesztett, csendes kilégzőrendszere és a 360 fokban mozgó gömbcsatlakozása biztosítja a páciens mozgásszabadságát és az alvótárs zavartalan pihenését. A kialakításnak köszönhetően a nyomáspontok egyenletesen oszlanak el, így magasabb nyomáson is kényelmes marad. Főbb előnyök: - SilkTec technológia: Selymesen puha tapintás és irritációmentes viselet az orrpárnán és a homloktámaszon. - Intuitív rögzítés: Színkódolt kapcsok segítik a gyors és hibamentes felhelyezést. - Tökéletes illeszkedés: Stabil illeszkedés, amely tehermentesíti az érzékeny nyomáspontokat. - Csendes működés: Optimalizált kilégzőrendszer a zajmentes éjszakákért. - Precíz méretezés: S, M és L méretben is elérhető a pontos anatómiai illeszkedés érdekében. | U38: 4-30hPA | W38: 98 g | X38: kb. 110 x 120 x 80 mm | Y38: 115 ml | AI38: Méretenként | AJ38: A választott méretű orrpárna, fejpánt, maszkváz | AK38: Nem | AL38: Nem | AM38: 2 év | AN38: WM 25505; WM 26801; WM 26803; | AO38: J.Easy fejpánt, J.One/Easy homloktámasz, J.Easy orrpárna L | AP38: hun, en, stb összevontan | AQ38: lowenstein-joyce-easy-orrmaszk-l | AR38: Löwenstein JOYCE Easy orrmaszk L méret | Alvásterápia | AS38: Klasszikus, rendkívül stabil Löwenstein JOYCE Easy CPAP orrmaszk L méretben. Állítható homloktámasz, csendes szelep és szivárgásmentes illeszkedés. | AV38: =VLOOKUP(I38, Kiegészítő_Mátrix!C:E, 3, FALSE) -> #N/A
B39: 3. | C39: Maszkok | D39: 3.1 | E39: Orrmaszkok | H39: J.ONE-ORRMASZK | I39: WM 25260 | J39: Joyce One (1 méretes) | K39: Engedélyezett | L39: Löwenstein | M39: 37973 | N39: 7595 | O39: 41640 | P39: - | Q39: profi | R39: Az intelligens maszk, amely Önre van kalibrálva – méretválasztási gondok nélkül. | S39: A JOYCEone az alvásterápia „okos” maszkja: az egyetlen olyan modell, amelynél nem kell a méretvétellel bajlódni. Speciális kialakítása révén automatikusan idomul a legkülönfélébb arcformákhoz és méretekhez. Ideális választás kezdő terápiás betegeknek vagy azoknak, akik egyszerű, de megbízható megoldást keresnek szakértői segítség nélkül is. Szakmai érv: A maszk lelke az automatikus beállítású (Self-adjusting) szilikon párna és a rugalmas homloktámasz-rugó. Ezek az elemek dinamikusan követik az arc vonalait és a mozgást, így mindig az optimális feszességet tartják fenn. Nincs szükség bonyolult pántbeállításokra, a maszk „megtalálja” a helyét az arcon. Főbb előnyök: - Egyméretes (One Size): Nincs hibázási lehetőség a méretválasztásnál. - Gyors beállítás: Pillanatok alatt felhelyezhető és rögzíthető. - SilkTec kényelem: Selymes tapintású szilikon felület. - Közgyógy támogatott: Kiváló ár-érték arány és széleskörű elérhetőség. | U39: 4-30hPA | W39: 87 g | X39: 96 x 115 x 83 mm | Y39: 90 ml | AI39: Egyméretes | AJ39: A választott méretű orrpárna, fejpánt, maszkváz, homloktámasz | AK39: Nem | AL39: Igen | AM39: 2 év | AN39: WM 25255; WM 25253; WM 26801; | AO39: J.One fejpánt, J.One szilikon, J.One/Easy homloktámasz | AP39: hun, en, stb összevontan | AQ39: lowenstein-joyce-one-orrmaszk | AR39: Löwenstein JOYCE One univerzális orrmaszk | Alvásterápia | AS39: Intelligens, egyméretes Löwenstein JOYCE One CPAP orrmaszk. Automatikusan az arcformához idomuló szilikonpárna és homloktámasz a gondtalan választásért. | AV39: =VLOOKUP(I39, Kiegészítő_Mátrix!C:E, 3, FALSE) -> #N/A
B40: 3. | C40: Maszkok | D40: 3.1 | E40: Orrmaszkok | H40: JULIA-ORRMASZK | I40: LMT 26710 | J40: Julia (S) | K40: Engedélyezett | L40: Löwenstein | M40: 42545 | N40: 12167 | P40: S | R40: A megbízható kényelem új generációja. Rendkívül csendes működés és stabil illeszkedés a zavartalan, szivárgásmentes éjszakai pihenésért. | S40: A Löwenstein JULIA az alvásterápia új generációját képviseli: kicsi, könnyű és fenntartható módon készül Németországban. Kialakításakor a "kevesebb több" elvét követték, így a maszk alig észrevehető az arcon, és teljesen szabad látómezőt biztosít. A fejpánt rögzítési pontjai és a maszkváz geometriája optimális nyomáselosztást biztosít az orrnyergen, így megelőzhető a bőrirritáció és a sebek kialakulása. A maszk stabil marad akkor is, ha a páciens éjszaka többször változtatja az alvási pozícióját A JULIA letisztult formavilága és az arcformához finoman idomuló maszkpárnája segít abban, hogy a terápia megkezdése zökkenőmentes és természetes élmény legyen. Szakmai érv: A JULIA technológiai alapját az innovatív, ergonómikus, 3D műanyagból készült fejpántváz adja, amely homloktámasz nélkül is stabil és elmozdulásmentes illeszkedést biztosít minden alvási pozícióban. A Löwenstein szabványoknak megfelelően a kilégzőrendszer halk és diffúz áramlást biztosít. Különlegessége a környezettudatos gyártás: a textilek festése során jelentősen kevesebb vizet (-90%) és energiát (-66%) használnak fel, a csomagolás pedig 80%-ban megújuló cukornádból készül. Főbb előnyök: - Bizonyított kényelem: A CARA maszkoknál bevált, három méretben elérhető párnatechnológia. - Szabad kilátás: Homloktámasz nélküli design, ideális olvasáshoz és szemüvegeseknek. - Rendkívül csendes: Mindössze 18 dB(A) hangnyomásszint a békés éjszakákért. - Innovatív 3D váz: Rugalmas és ergonómikus rögzítés, amely megakadályozza a fejpánt megcsavarodását. - Fenntartható gyártás: Németországban készült, jelentősen csökkentett vegyszer- és vízfelhasználással. | U40: 4-30 hPA | W40: kb. 68g | X40: 50x61x75mm | Y40: 65 ml | AI40: Méretenként | AJ40: maszkváz, a kiválasztott méretű maszkpárna, fejpánt, maszkcső, használati útmutató | AK40: Nem | AL40: Nem | AM40: 2 év | AP40: csak angol és egyéb nyelvek! Nincs lefordítva még | AQ40: lowenstein-julia-orrmaszk-s | AR40: Löwenstein JULIA orrmaszk S méret | Alvásterápia | AS40: Új generációs Löwenstein JULIA CPAP orrmaszk S méretben. Kifejezetten csendes diffúzor, finom tapintás és stabil tartás a szivárgásmentes éjszakákért. | AV40: =VLOOKUP(I40, Kiegészítő_Mátrix!C:E, 3, FALSE) -> #N/A
B41: 3. | C41: Maszkok | D41: 3.1 | E41: Orrmaszkok | H41: JULIA-ORRMASZK | I41: LMT 26720 | J41: Julia (M) | K41: Engedélyezett | L41: Löwenstein | M41: 42545 | N41: 12167 | P41: M | R41: A megbízható kényelem új generációja. Rendkívül csendes működés és stabil illeszkedés a zavartalan, szivárgásmentes éjszakai pihenésért. | S41: A Löwenstein JULIA az alvásterápia új generációját képviseli: kicsi, könnyű és fenntartható módon készül Németországban. Kialakításakor a "kevesebb több" elvét követték, így a maszk alig észrevehető az arcon, és teljesen szabad látómezőt biztosít. A fejpánt rögzítési pontjai és a maszkváz geometriája optimális nyomáselosztást biztosít az orrnyergen, így megelőzhető a bőrirritáció és a sebek kialakulása. A maszk stabil marad akkor is, ha a páciens éjszaka többször változtatja az alvási pozícióját A JULIA letisztult formavilága és az arcformához finoman idomuló maszkpárnája segít abban, hogy a terápia megkezdése zökkenőmentes és természetes élmény legyen. Szakmai érv: A JULIA technológiai alapját az innovatív, ergonómikus, 3D műanyagból készült fejpántváz adja, amely homloktámasz nélkül is stabil és elmozdulásmentes illeszkedést biztosít minden alvási pozícióban. A Löwenstein szabványoknak megfelelően a kilégzőrendszer halk és diffúz áramlást biztosít. Különlegessége a környezettudatos gyártás: a textilek festése során jelentősen kevesebb vizet (-90%) és energiát (-66%) használnak fel, a csomagolás pedig 80%-ban megújuló cukornádból készül. Főbb előnyök: - Bizonyított kényelem: A CARA maszkoknál bevált, három méretben elérhető párnatechnológia. - Szabad kilátás: Homloktámasz nélküli design, ideális olvasáshoz és szemüvegeseknek. - Rendkívül csendes: Mindössze 18 dB(A) hangnyomásszint a békés éjszakákért. - Innovatív 3D váz: Rugalmas és ergonómikus rögzítés, amely megakadályozza a fejpánt megcsavarodását. - Fenntartható gyártás: Németországban készült, jelentősen csökkentett vegyszer- és vízfelhasználással. | U41: 4-30 hPA | W41: kb. 68g | X41: 57x61x73mm | Y41: 71 ml | AI41: Méretenként | AJ41: maszkváz, a kiválasztott méretű maszkpárna, fejpánt, maszkcső, használati útmutató | AK41: Nem | AL41: Nem | AM41: 2 év | AP41: csak angol és egyéb nyelvek! Nincs lefordítva még | AQ41: lowenstein-julia-orrmaszk-m | AR41: Löwenstein JULIA orrmaszk M méret | Alvásterápia | AS41: Új generációs Löwenstein JULIA CPAP orrmaszk M méretben. Kifejezetten csendes diffúzor, finom tapintás és stabil tartás a szivárgásmentes éjszakákért. | AV41: =VLOOKUP(I41, Kiegészítő_Mátrix!C:E, 3, FALSE) -> #N/A
B42: 3. | C42: Maszkok | D42: 3.1 | E42: Orrmaszkok | H42: JULIA-ORRMASZK | I42: LMT 26730 | J42: Julia (L) | K42: Engedélyezett | L42: Löwenstein | M42: 42545 | N42: 12167 | P42: L | R42: A megbízható kényelem új generációja. Rendkívül csendes működés és stabil illeszkedés a zavartalan, szivárgásmentes éjszakai pihenésért. | S42: A Löwenstein JULIA az alvásterápia új generációját képviseli: kicsi, könnyű és fenntartható módon készül Németországban. Kialakításakor a "kevesebb több" elvét követték, így a maszk alig észrevehető az arcon, és teljesen szabad látómezőt biztosít. A fejpánt rögzítési pontjai és a maszkváz geometriája optimális nyomáselosztást biztosít az orrnyergen, így megelőzhető a bőrirritáció és a sebek kialakulása. A maszk stabil marad akkor is, ha a páciens éjszaka többször változtatja az alvási pozícióját A JULIA letisztult formavilága és az arcformához finoman idomuló maszkpárnája segít abban, hogy a terápia megkezdése zökkenőmentes és természetes élmény legyen. Szakmai érv: A JULIA technológiai alapját az innovatív, ergonómikus, 3D műanyagból készült fejpántváz adja, amely homloktámasz nélkül is stabil és elmozdulásmentes illeszkedést biztosít minden alvási pozícióban. A Löwenstein szabványoknak megfelelően a kilégzőrendszer halk és diffúz áramlást biztosít. Különlegessége a környezettudatos gyártás: a textilek festése során jelentősen kevesebb vizet (-90%) és energiát (-66%) használnak fel, a csomagolás pedig 80%-ban megújuló cukornádból készül. Főbb előnyök: - Bizonyított kényelem: A CARA maszkoknál bevált, három méretben elérhető párnatechnológia. - Szabad kilátás: Homloktámasz nélküli design, ideális olvasáshoz és szemüvegeseknek. - Rendkívül csendes: Mindössze 18 dB(A) hangnyomásszint a békés éjszakákért. - Innovatív 3D váz: Rugalmas és ergonómikus rögzítés, amely megakadályozza a fejpánt megcsavarodását. - Fenntartható gyártás: Németországban készült, jelentősen csökkentett vegyszer- és vízfelhasználással. | U42: 4-30 hPA | W42: kb. 68g | X42: 63x65x73 mm | Y42: 87 ml | AI42: Méretenként | AJ42: maszkváz, a kiválasztott méretű maszkpárna, fejpánt, maszkcső, használati útmutató | AK42: Nem | AL42: Nem | AM42: 2 év | AP42: csak angol és egyéb nyelvek! Nincs lefordítva még | AQ42: lowenstein-julia-orrmaszk-l | AR42: Löwenstein JULIA orrmaszk L méret | Alvásterápia | AS42: Új generációs Löwenstein JULIA CPAP orrmaszk L méretben. Kifejezetten csendes diffúzor, finom tapintás és stabil tartás a szivárgásmentes éjszakákért. | AV42: =VLOOKUP(I42, Kiegészítő_Mátrix!C:E, 3, FALSE) -> #N/A
B43: 3. | C43: Maszkok | D43: 3.1 | E43: Orrmaszkok | H43: DREAMWEAR-ORRMASZK | I43: 1116720 | J43: DreamWear (4 méret 1 csomagban) | K43: Engedélyezett | L43: Philips | M43: 54991 | N43: 24613 | O43: 42491 | Q43: profi | R43: DreamWear orr alatti (nasal) – innovatív dizájn irritáció nélkül. Érezze a teljes szabadságot bármilyen alvási pozícióban az orr alatti kialakításnak és a fejtetői csatlakozásnak köszönhetően | S43: A Philips Respironics DreamWear "nasal" orrmaszk forradalmasítja az alvásterápiát: különleges kialakításának köszönhetően a levegő egy kellemes tapintású, puha szilikon vázban áramlik, és csupán az orr alatt illeszkedik az arcra. Betegeink visszajelzései alapján a használata olyan természetes érzés, mintha semmit sem viselne! A fejtetőn elhelyezett gégecső-csatlakozás és a minimál dizájn teljes látómezőt biztosít, így zavartalanul olvashat, tévézhet, és a szemüvegviselés sem jelent akadályt. Mivel az orrpárna az orr alatt helyezkedik el (nem rajta vagy körülötte), viselőjét nem terheli az orrnyereg irritációja. A DreamWear maszk használói maximális mozgásszabadságot kapnak: a fejtetői csatlakozás révén akár hason, oldalt vagy háton is aludhatnak anélkül, hogy a maszk elmozdulna vagy a cső akadályozná őket. Szakmai érv: Az innovatív „Airflow-through-frame” technológia lehetővé teszi a légáramlást a maszk keretén belül, így minimalizálva az arcra nehezedő nyomást. A váz moduláris felépítésű: a DreamWear rendszer kompatibilis az orr alatti (nasal) és az orrillesztékes (silicone-pillows) párnákkal is, így a maszk rugalmasan az egyéni igényekhez igazítható. Főbb előnyök: - Széles látómező: szemüvegeseknek, esti olvasáshoz ideális. - Prémium anyaghasználat: könnyű, puha szilikon váz és textil vázborítás. - Minimális érintkezés: búcsút inthet az orrnyereg-irritációnak. - Rugalmasság: minden alvási pozícióban stabil marad. | U43: 4-20hPA | W43: kb. 75g | AI43: FitPack (4 méretű - S, M, MW, L - orrpárna 1 csomagban) | AJ43: M-es méretű maszkváz (standard), szilikon orrpárnák 4 féle méretben (S, M, MW, L), puha textil vázborítás (2 db), fejpánt, könyökidom, használati útmutató. | AK43: Nem | AL43: Nem | AM43: 2 év | AN43: 1116751; 1116747; 1116745; 1116754; 1116748; 1116740; 1116741; 1116742; 1116743; 1146472; 1146473; 1146474; | AO43: Dreamwear fejpánt, váz L, váz S, vázborítás, kilégző adapter, szilikonok sima (S, M, MW, L) és orrillesztékes (S, M, L) | AP43: magyarul - önálló file | AQ43: philips-dreamwear-orrmaszk-fitpack | AR43: Philips DreamWear orrmaszk FitPack (4 méret) | Alvásterápia | AS43: Innovatív Philips DreamWear orr alatti CPAP maszk 4 mérettel egy csomagban. Fejtetői csőcsatlakozás, szabad látómező és teljes mozgásszabadság alváskor. | AV43: =VLOOKUP(I43, Kiegészítő_Mátrix!C:E, 3, FALSE) -> #N/A
B44: 3. | C44: Maszkok | D44: 3.1 | E44: Orrmaszkok | H44: DREAMWEAR-SP-ORRMASZK | I44: 1146469 | J44: Dreamwear orrillesztékes maszk (SP) | K44: Letiltott | L44: Philips | M44: 54991 | O44: 45200 | R44: DreamWear orrillesztékes (silicone pillows)– maximális stabilitás szilikon kúpokkal. Érezze a teljes szabadságot bármilyen alvási pozícióban az anatómiailag formázott, puha szilikon kúpoknak köszönhetően, amelyek gyengéden az orrnyílásokhoz illeszkedve még biztosabb tartást adnak éjszaka. | S44: A Philips Respironics DreamWear orrillesztékes maszk forradalmasítja az alvásterápiát: különleges kialakításának köszönhetően a levegő egy kellemes tapintású, puha szilikon vázban áramlik, és a finom szilikon kúpok révén közvetlenül az orrnyílásokhoz illeszkedik. Ez a hibrid megoldás extra stabilitást biztosít, miközben a használata olyan természetes érzés, mintha semmit sem viselne! A fejtetőn elhelyezett gégecső-csatlakozás és a minimál dizájn teljes látómezőt biztosít, így zavartalanul olvashat, tévézhet, és a szemüvegviselés sem jelent akadályt. Mivel az orrillesztékes párna közvetlenül az orrnyílásokba illeszkedik, viselőjét nem terheli az orrnyereg vagy az orr alatti érzékeny bőr irritációja. A DreamWear maszk használói maximális mozgásszabadságot kapnak: a fejtetői csatlakozás és a fixen ülő szilikon kúpok révén akár intenzív mozgás közben, hason, oldalt vagy háton is aludhatnak anélkül, hogy a maszk elmozdulna vagy a cső akadályozná őket. Szakmai érv: Az innovatív „Airflow-through-frame” technológia lehetővé teszi a légáramlást a maszk keretén belül, így minimalizálva az arcra nehezedő nyomást. A váz moduláris felépítésű: a DreamWear rendszer kompatibilis az orr alatti (nasal) és az orrillesztékes (silicone-pillows) párnákkal is, így a maszk rugalmasan az egyéni igényekhez igazítható. Főbb előnyök: Extra stabilitás: A puha szilikon kúpok gyengéden a helyén tartják a maszkot a legaktívabb alvóknál is. Széles látómező: Szemüvegeseknek, esti olvasáshoz ideális. Prémium anyaghasználat: Könnyű, puha szilikon váz és textil vázborítás. Minimális érintkezés: Búcsút inthet az orrnyereg-irritációnak. Rugalmasság: Minden alvási pozícióban (oldalt és hason is) stabil marad. | AV44: =VLOOKUP(I44, Kiegészítő_Mátrix!C:E, 3, FALSE) -> #N/A
B45: 3. | C45: Maszkok | D45: 3.1 | E45: Orrmaszkok | H45: NUANCEPRO-ORRMASZK | I45: 1105168 | J45: Nuance Pro Gel (egyben) | K45: Engedélyezett | L45: Philips | M45: 51435 | N45: 21057 | O45: 42005 | Q45: profi | R45: Philips Nuance Pro Gel – a világ első gél-párnás orrillesztékes maszkja. A zselés technológia kényelme és az extra hajlékony rövid cső stabilitása egyetlen professzionális csomagban. | S45: A Philips Nuance Pro Gel maszk új kategóriát teremtett az alvásterápiában: egyesíti a minimalista orrillesztékes kialakítást a Philips világhírű géltechnológiájával. A kék gél-gyűrűvel ellátott orrpárnák lágyan, mégis magabiztosan tömítenek. A "Pro" változat különlegessége a gél-bevonatú keret, amely puhább és rugalmasabb a hagyományos műanyag vázaknál, megelőzve az arcoldali nyomásnyomokat. A maszk nem takarja el az arcot és nincs homloktámasza, így tökéletes látóteret biztosít. Szakmai érv: A gélpárnák jobban idomulnak az orr anatómiájához, mint a standard szilikon, így alacsonyabb szorítóerő mellett is szivárgásmentes marad a terápia. A maszk stabilitását jelentősen növeli a beépített, extra hajlékony és könnyű rövid cső (short tube), amely elvezeti a fő gégecső húzóerejét, megakadályozva a párnák elmozdulását és az irritációt. A csomag FitPack kiszerelésű, így Ön mindhárom méretet (S, M, L) kézhez kapja, hogy megtalálja a legmegfelelőbbet. Főbb előnyök: - Gél-párnás technológia: Kimagasló komfort és irritációmentes illeszkedés az orrnyílásoknál. - Integrált rövid cső: Rugalmas összeköttetés, amely biztosítja a stabil illeszkedést mozgás közben is. - Gél keret: Puha, bőrbarát érintkezés az arcbőrrel. - FitPack kiszerelés: Három párnaméret (S, M, L) egy csomagban a garantált kényelemért. | U45: 4-20 hPA | W45: kb 82g | AI45: FitPack (3 méretű - S, M, L - orrpárna 1 csomagban) | AJ45: 3 méretű - S, M, L - orrpárna 1 csomagban, zselébetétes szilikon fejpánt, használati útmutató | AK45: Nem | AL45: Nem | AM45: 2 év | AN45: 1105178; 1105173; 1105174; 1105175 | AO45: Nuance Pro fejpánt, Nuance sziiikonok ((S, M, L) | AP45: csak angol és egyéb nyelvek! | AQ45: philips-nuance-pro-gel-orrmaszk | AR45: Philips Nuance Pro Gel orrillesztékes maszk | Alvásterápia | AS45: Prémium Philips Nuance Pro Gel zselés orrpárnás CPAP maszk gél-támasztékos fejpánttal. Kiváló stabilitás, minimális nyomáspontok és kényelmes alvás. | AV45: =VLOOKUP(I45, Kiegészítő_Mátrix!C:E, 3, FALSE) -> #N/A
B46: 3. | C46: Maszkok | D46: 3.1 | E46: Orrmaszkok | H46: PICO-ORRMASZK | I46: 1104921 | J46: Pico (S/M) | K46: Engedélyezett | L46: Philips | M46: 37973 | N46: 7595 | O46: 42370 | P46: S/M | Q46: profi | R46: Philips Pico – a minimalista elegancia. Rendkívül könnyű, homloktámasz nélküli kialakítás, amely stabil illeszkedést és szabad kilátást biztosít. | S46: A Philips Pico az egyik legkisebb és legkönnyebb hagyományos orrmaszk a piacon. Tervezésekor a cél az volt, hogy a lehető legkevesebb érintkezési felületen biztosítson maximális stabilitást. Mivel nincs homloktámasza, a látómező teljesen szabad marad, így akadálytalanul olvashat vagy tévézhet elalvás előtt, és a szemüvegviselés sem jelent gondot. A maszk mindössze néhány alkatrészből áll, így az összeszerelése és tisztítása rendkívül egyszerű. A puha szilikon párna és a vékonyított fejpánt gondoskodik a kényelemről az éjszaka folyamán, miközben a maszkváz stabilan tartja a párnát még aktívabb mozgás közben is. Szakmai érv: A Pico nagyszerűsége az egyszerűségében rejlik. A „Tip-of-the-nose” koncepció lényege, hogy a maszk csak az orr legszükségesebb részét fedi le, így minimalizálva a bőrirritációt és a bezártság érzetét. Mivel nem tartalmaz mágneses alkatrészeket, korlátozás nélkül alkalmazható minden páciensnél, beleértve a beültetett orvostechnikai eszközzel (pl. pacemaker) rendelkezőket is. Főbb előnyök: - Pehelykönnyű kivitel: Alig érezhető az arcon. - Szabad látótér: Nincs zavaró homloktámasz. - Közgyógy támogatott: Széles körben elérhető és gazdaságos megoldás. - Egyszerű használat: Mindössze két csat és máris kész az éjszakára. | U46: 4-30 hPA | W46: kb. 58g | AI46: Méretenként | AJ46: A kiválasztott méretű orrpárna, fejpánt, használati útmutató | AK46: Nem | AL46: Igen | AM46: 2 év | AN46: 1146406; 1104936; 1104937; 1104938 | AO46: Pico fejpánt, Pico szilikonok (S/M, L, XL) | AP46: hun, en, stb. összevontan (nincs fent a cpap.hu-n) | AQ46: philips-pico-orrmaszk-sm | AR46: Philips Pico orrmaszk S/M méret | Alvásterápia | AS46: Minimalista és ultrakönnyű Philips Pico CPAP orrmaszk S/M méretben. Homloktámasz nélküli kialakítás a szabad látómezőért és a zavartalan olvasásért. | AV46: =VLOOKUP(I46, Kiegészítő_Mátrix!C:E, 3, FALSE) -> #N/A
B47: 3. | C47: Maszkok | D47: 3.1 | E47: Orrmaszkok | H47: PICO-ORRMASZK | I47: 1104922 | J47: Pico (L) | K47: Engedélyezett | L47: Philips | M47: 37973 | N47: 7595 | O47: 42370 | P47: L | Q47: profi | R47: Philips Pico – a minimalista elegancia. Rendkívül könnyű, homloktámasz nélküli kialakítás, amely stabil illeszkedést és szabad kilátást biztosít. | S47: A Philips Pico az egyik legkisebb és legkönnyebb hagyományos orrmaszk a piacon. Tervezésekor a cél az volt, hogy a lehető legkevesebb érintkezési felületen biztosítson maximális stabilitást. Mivel nincs homloktámasza, a látómező teljesen szabad marad, így akadálytalanul olvashat vagy tévézhet elalvás előtt, és a szemüvegviselés sem jelent gondot. A maszk mindössze néhány alkatrészből áll, így az összeszerelése és tisztítása rendkívül egyszerű. A puha szilikon párna és a vékonyított fejpánt gondoskodik a kényelemről az éjszaka folyamán, miközben a maszkváz stabilan tartja a párnát még aktívabb mozgás közben is. Szakmai érv: A Pico nagyszerűsége az egyszerűségében rejlik. A „Tip-of-the-nose” koncepció lényege, hogy a maszk csak az orr legszükségesebb részét fedi le, így minimalizálva a bőrirritációt és a bezártság érzetét. Mivel nem tartalmaz mágneses alkatrészeket, korlátozás nélkül alkalmazható minden páciensnél, beleértve a beültetett orvostechnikai eszközzel (pl. pacemaker) rendelkezőket is. Főbb előnyök: - Pehelykönnyű kivitel: Alig érezhető az arcon. - Szabad látótér: Nincs zavaró homloktámasz. - Közgyógy támogatott: Széles körben elérhető és gazdaságos megoldás. - Egyszerű használat: Mindössze 3 alkatrész, percek alatt tisztítható. | U47: 4-30 hPA | W47: kb. 58g | AI47: Méretenként | AJ47: A kiválasztott méretű orrpárna, fejpánt, használati útmutató | AK47: Nem | AL47: Igen | AM47: 2 év | AN47: 1146406; 1104936; 1104937; 1104938 | AO47: Pico fejpánt, Pico szilikonok (S/M, L, XL) | AP47: hun, en, stb. összevontan (nincs fent a cpap.hu-n) | AQ47: philips-pico-orrmaszk-l | AR47: Philips Pico orrmaszk L méret | Alvásterápia | AS47: Minimalista és ultrakönnyű Philips Pico CPAP orrmaszk L méretben. Homloktámasz nélküli kialakítás a szabad látómezőért és a zavartalan olvasásért. | AV47: =VLOOKUP(I47, Kiegészítő_Mátrix!C:E, 3, FALSE) -> #N/A
B48: 3. | C48: Maszkok | D48: 3.1 | E48: Orrmaszkok | H48: PICO-ORRMASZK | I48: 1104923 | J48: Pico (XL) | K48: Engedélyezett | L48: Philips | M48: 37973 | N48: 7595 | O48: 42370 | P48: XL | Q48: profi | R48: Philips Pico – a minimalista elegancia. Rendkívül könnyű, homloktámasz nélküli kialakítás, amely stabil illeszkedést és szabad kilátást biztosít. | S48: A Philips Pico az egyik legkisebb és legkönnyebb hagyományos orrmaszk a piacon. Tervezésekor a cél az volt, hogy a lehető legkevesebb érintkezési felületen biztosítson maximális stabilitást. Mivel nincs homloktámasza, a látómező teljesen szabad marad, így akadálytalanul olvashat vagy tévézhet elalvás előtt, és a szemüvegviselés sem jelent gondot. A maszk mindössze néhány alkatrészből áll, így az összeszerelése és tisztítása rendkívül egyszerű. A puha szilikon párna és a vékonyított fejpánt gondoskodik a kényelemről az éjszaka folyamán, miközben a maszkváz stabilan tartja a párnát még aktívabb mozgás közben is. Szakmai érv: A Pico nagyszerűsége az egyszerűségében rejlik. A „Tip-of-the-nose” koncepció lényege, hogy a maszk csak az orr legszükségesebb részét fedi le, így minimalizálva a bőrirritációt és a bezártság érzetét. Mivel nem tartalmaz mágneses alkatrészeket, korlátozás nélkül alkalmazható minden páciensnél, beleértve a beültetett orvostechnikai eszközzel (pl. pacemaker) rendelkezőket is. Főbb előnyök: - Pehelykönnyű kivitel: Alig érezhető az arcon. - Szabad látótér: Nincs zavaró homloktámasz. - Közgyógy támogatott: Széles körben elérhető és gazdaságos megoldás. - Egyszerű használat: Mindössze két csat és máris kész az éjszakára. | U48: 4-30 hPA | W48: kb. 58g | AI48: Méretenként | AJ48: A kiválasztott méretű orrpárna, fejpánt, használati útmutató | AK48: Nem | AL48: Igen | AM48: 2 év | AN48: 1146406; 1104936; 1104937; 1104938 | AO48: Pico fejpánt, Pico szilikonok (S/M, L, XL) | AP48: hun, en, stb. összevontan (nincs fent a cpap.hu-n) | AQ48: philips-pico-orrmaszk-xl | AR48: Philips Pico orrmaszk XL méret | Alvásterápia | AS48: Minimalista és ultrakönnyű Philips Pico CPAP orrmaszk XL méretben. Homloktámasz nélküli kialakítás a szabad látómezőért és a zavartalan olvasásért. | AV48: =VLOOKUP(I48, Kiegészítő_Mátrix!C:E, 3, FALSE) -> #N/A
B49: 3. | C49: Maszkok | D49: 3.1 | E49: Orrmaszkok | H49: WISP-ORRMASZK | I49: 1094060 | J49: Wisp (3 méret 1 csomagban) átlátszó váz | K49: Engedélyezett | L49: Philips | M49: 42545 | N49: 12165 | O49: 41883 | R49: Philips Wisp – Stabil illeszkedés és szabad látómező. Az extra rugalmas rövid cső csökkenti a maszk elmozdulását, a FitPack kiszerelés pedig garantálja a tökéletes méretet. | S49: A Philips Wisp orrmaszk az egyszerűség és a stílus találkozása az alvásterápiában. Különlegessége, hogy a hagyományos maszkokkal ellentétben választható kerettel (bőrbarát szövet vagy víztiszta szilikon) rendelkezik, így az eszköz nem orvosi műszernek, hanem a pihentető alvás természetes kiegészítőjének érződik. Minimalista kialakítása szabad látóteret biztosít, így szemüvegviseléshez vagy esti olvasáshoz is kiváló választás. A csomag FitPack kiszerelésű, tehát több párnaméretet is tartalmaz, így Ön otthon, saját környezetében választhatja ki a legtökéletesebb illeszkedést. A készlet részét képezi továbbá egy extra hajlékony, kisebb átmérőjű maszkcső is, amely jelentősen növeli a mozgásszabadságot az éjszaka folyamán. Szakmai érv: A Wisp sikerének titka a rugalmas, keret nélküli hatást keltő design, amely követi az arc vonalait, és minimálisra csökkenti a bőrirritációt. A maszk orrpárnája rendkívül kis felületen érintkezik az arccal, mégis stabil illeszkedést nyújt magas terápiás nyomás mellett is. A mágneses rögzítőkapcsok segítségével a maszk felvétele és beállítása ösztönös és gyors. FIGYELEM: A maszk mágneses rögzítőkapcsokat tartalmaz, ezért beültetett aktív orvostechnikai eszközzel (pl. pacemaker) rendelkező páciensek esetén használat előtt orvosi konzultáció szükséges, vagy mágnesmentes típus választása javasolt. Főbb előnyök: - Választható keret: Szövet vagy szilikon váz a személyes komfortigényekhez igazítva. - Extra rugalmasság: A mellékelt kisméretű, puha maszkcső csökkenti a gégecső húzóerejét, könnyebbé téve az alvást. - FitPack kiszerelés: Három párnaméret (S/M, L, XL) egyetlen csomagban a garantált illeszkedésért. - Szabad látótér: Homloktámasz nélküli kialakítás, ideális olvasáshoz vagy tévézéshez. - Kompakt és könnyű: Minimális érintkezés az arccal, csökkentett irritációs kockázat. - Mágneses kapcsok: Gyors és egyszerű rögzítés az éjszakai kényelemért. | U49: 4-30 hPA | W49: kb . 70g | AI49: FitPack (3 méretű - S/M, L, XL - orrpárna 1 csomagban) | AJ49: fejpánt, váz, maszkcső és könyök, orrpárna 3 méretben (S/M, L, XL), használati útmutató. | AK49: Igen | AL49: Nem | AM49: 2 év | AN49: 1094078; 1105180; 1094080; 1094081; 1094087; 1094088; 1112031 | AO49: Wisp fejpánt, maszkcsőés könyök, váz szilikon, váz textil, szilikonok (S/M, L XL) | AP49: csak angol és egyéb nyelvek! | AQ49: philips-wisp-orrmaszk-atlatszo-vaz | AR49: Philips Wisp orrmaszk átlátszó vázzal FitPack | Alvásterápia | AS49: Népszerű Philips Wisp orrmaszk diszkrét átlátszó műanyag vázzal. FitPack csomag 3 mérettel (S/M, L, XL), flexibilis rövid csővel és stabil rögzítéssel. | AV49: =VLOOKUP(I49, Kiegészítő_Mátrix!C:E, 3, FALSE) -> #N/A
B50: 3. | C50: Maszkok | D50: 3.1 | E50: Orrmaszkok | H50: WISP-ORRMASZK | I50: 1094061 | J50: Wisp (3 méret 1 csomagban) textil váz | K50: Engedélyezett | L50: Philips | M50: 42545 | N50: 12165 | O50: 41699 | Q50: profi | R50: Philips Wisp – Stabil illeszkedés és szabad látómező. Az extra rugalmas rövid cső csökkenti a maszk elmozdulását, a FitPack kiszerelés pedig garantálja a tökéletes méretet. | S50: A Philips Wisp orrmaszk az egyszerűség és a stílus találkozása az alvásterápiában. Különlegessége, hogy a hagyományos maszkokkal ellentétben választható kerettel (bőrbarát szövet vagy víztiszta szilikon) rendelkezik, így az eszköz nem orvosi műszernek, hanem a pihentető alvás természetes kiegészítőjének érződik. Minimalista kialakítása szabad látóteret biztosít, így szemüvegviseléshez vagy esti olvasáshoz is kiváló választás. A csomag FitPack kiszerelésű, tehát több párnaméretet is tartalmaz, így Ön otthon, saját környezetében választhatja ki a legtökéletesebb illeszkedést. A készlet részét képezi továbbá egy extra hajlékony, kisebb átmérőjű maszkcső is, amely jelentősen növeli a mozgásszabadságot az éjszaka folyamán. Szakmai érv: A Wisp sikerének titka a rugalmas, keret nélküli hatást keltő design, amely követi az arc vonalait, és minimálisra csökkenti a bőrirritációt. A maszk orrpárnája rendkívül kis felületen érintkezik az arccal, mégis stabil illeszkedést nyújt magas terápiás nyomás mellett is. A mágneses rögzítőkapcsok segítségével a maszk felvétele és beállítása ösztönös és gyors. FIGYELEM: A maszk mágneses rögzítőkapcsokat tartalmaz, ezért beültetett aktív orvostechnikai eszközzel (pl. pacemaker) rendelkező páciensek esetén használat előtt orvosi konzultáció szükséges, vagy mágnesmentes típus választása javasolt. Főbb előnyök: - Választható keret: Szövet vagy szilikon váz a személyes komfortigényekhez igazítva. - Extra rugalmasság: A mellékelt kisméretű, puha maszkcső csökkenti a gégecső húzóerejét, könnyebbé téve az alvást. - FitPack kiszerelés: Három párnaméret (S/M, L, XL) egyetlen csomagban a garantált illeszkedésért. - Szabad látótér: Homloktámasz nélküli kialakítás, ideális olvasáshoz vagy tévézéshez. - Kompakt és könnyű: Minimális érintkezés az arccal, csökkentett irritációs kockázat. - Mágneses kapcsok: Gyors és egyszerű rögzítés az éjszakai kényelemért. | U50: 4-30 hPA | W50: kb . 70g | AI50: FitPack (3 méretű - S/M, L, XL - orrpárna 1 csomagban) | AJ50: fejpánt, váz, maszkcső és könyök, orrpárna 3 méretben (S/M, L, XL), használati útmutató. | AK50: Igen | AL50: Nem | AM50: 2 év | AN50: 1094078; 1105180; 1094080; 1094081; 1094087; 1094088; 1112031 | AO50: Wisp fejpánt, maszkcsőés könyök, váz szilikon, váz textil, szilikonok (S/M, L XL) | AP50: csak angol és egyéb nyelvek! | AQ50: philips-wisp-orrmaszk-textil-vaz | AR50: Philips Wisp orrmaszk textil vázzal FitPack | Alvásterápia | AS50: Puhább érzetű Philips Wisp orrmaszk puha szövetkerettel. 3 méret egy dobozban a tökéletes illeszkedésért, homloktámasz nélküli szabad kilátással. | AV50: =VLOOKUP(I50, Kiegészítő_Mátrix!C:E, 3, FALSE) -> #N/A
B51: 3. | C51: Maszkok | D51: 3.1 | E51: Orrmaszkok | H51: WISP-ORRMASZK | I51: 1104961 | J51: WISP PED FIT PACK W/ HEADGEAR ‐ EE INT | K51: Letiltott | O51: 43313 | AV51: =VLOOKUP(I51, Kiegészítő_Mátrix!C:E, 3, FALSE) -> #N/A
B52: 3. | C52: Maszkok | D52: 3.1 | E52: Orrmaszkok | H52: WISP-ORRMASZK | I52: 1109308 | J52: Wisp Youth Mask, Fabric, w/ HGR, Intl | K52: Letiltott | O52: 43313 | AV52: =VLOOKUP(I52, Kiegészítő_Mátrix!C:E, 3, FALSE) -> #N/A
AV53: =VLOOKUP(I53, Kiegészítő_Mátrix!C:E, 3, FALSE) -> #N/A
B54: 3. | C54: Maszkok | D54: 3.2 | E54: Arcmaszkok | H54: CARA-FULLFACEMASZK | I54: WM 25630 | J54: Cara Full (S) | K54: Engedélyezett | L54: Löwenstein | M54: 59690 | N54: egyedi eng. | O54: 44896 | P54: S | Q54: profi | R54: Löwenstein CARA Full Face – a pehelykönnyű szabadság. Csendes működés, kiváló illeszkedés és bőrbarát anyagok egy díjnyertes orr-száj maszkban. | S54: A Löwenstein Medical CARA Full Face maszkja bizonyítja, hogy egy teljes orr-száj maszk is lehet könnyed és diszkrét. A Red Dot Design Award díjas CARA család tagjaként ez a modell is a „láthatatlan” kényelmet és a kiváló illeszkedést képviseli. Pehelykönnyű súlya és puha, az arc kontúrjaihoz simuló szilikon párnája révén segít csökkentett nyomásérzetet biztosítani az éjszaka folyamán. Ideális választás azoknak a pácienseknek, akik szájon át is lélegeznek alvás közben, de a kompakt kialakítású eszközöket preferálják. Szakmai érv: A CARA Full Face különlegessége a tökéletesített, rendkívül csendes és diffúz kilégzőrendszer, amely porlasztva vezeti el a levegőt, így elkerülhető a zavaró huzatérzet. A maszk innovatív, homloktámasz nélküli vázszerkezete az ergonomikus vonalvezetésnek köszönheti stabilitását: a pántok elhelyezkedése és a váz geometriája optimálisan osztja el a tartóerőt az arcon. Az extra puha szilikon párna felső része zárt kialakítású, ami célzottan akadályozza meg, hogy a levegő a páciens szeme felé áramoljon, miközben a 360 fokban elforduló gömbcsukló szabad mozgást enged. Főbb előnyök: - Kompakt és könnyű: Orr-száj maszk kategóriában kiemelkedően alacsony súly, amely mérsékli az arcra nehezedő terhelést. - Intelligens vázszerkezet: Stabil tartást biztosít kevesebb érintkezési ponttal, szabadabb érzetet nyújtva a felhasználónak. - Csendes és szórt légáramlás: Optimalizált kilégzőnyílások a nyugodt és csendes alvási környezetért. - Bőrbarát fejpánt: OEKO-TEX minősítésű, lélegző anyagok az irritációmentes viseletért. - Mágnesmentes kialakítás: Biztonsággal használható minden páciensnél, beleértve a beültetett orvostechnikai eszközzel rendelkezőket is. | U54: 4-25 hPA | W54: 93 g | X54: 93 x 145 x 89 mm | Y54: 180 ml | AI54: Méretenként | AJ54: maszkváz, a kiválasztott méretű maszkpárna, fejpánt, használati útmutató | AK54: Nem | AL54: Nem | AM54: 2 év | AN54: WM 25243; WM 25601; | AO54: Cara FF fejpánt, szilikon S | AP54: csak angol és egyéb nyelvek! A gyártó oldalán sem találtam magyart sajnos… | AQ54: lowenstein-cara-full-face-maszk-s | AR54: Löwenstein CARA Full Face arcmaszk S méret | Alvásterápia | AS54: Pehelykönnyű Löwenstein CARA Full Face orr-száj maszk S méretben. Puha szilikonpárna, csendes kilégzés és szivárgásmentes illeszkedés. Rendelje meg! | AT54: de | AV54: =VLOOKUP(I54, Kiegészítő_Mátrix!C:E, 3, FALSE) -> #N/A
B55: 3. | C55: Maszkok | D55: 3.2 | E55: Arcmaszkok | H55: CARA-FULLFACEMASZK | I55: WM 25640 | J55: Cara Full (M) | K55: Engedélyezett | L55: Löwenstein | M55: 59690 | N55: egyedi eng. | O55: 44896 | P55: M | Q55: profi | R55: Löwenstein CARA Full Face – a pehelykönnyű szabadság. Csendes működés, kiváló illeszkedés és bőrbarát anyagok egy díjnyertes orr-száj maszkban. | S55: A Löwenstein Medical CARA Full Face maszkja bizonyítja, hogy egy teljes orr-száj maszk is lehet könnyed és diszkrét. A Red Dot Design Award díjas CARA család tagjaként ez a modell is a „láthatatlan” kényelmet és a kiváló illeszkedést képviseli. Pehelykönnyű súlya és puha, az arc kontúrjaihoz simuló szilikon párnája révén segít csökkentett nyomásérzetet biztosítani az éjszaka folyamán. Ideális választás azoknak a pácienseknek, akik szájon át is lélegeznek alvás közben, de a kompakt kialakítású eszközöket preferálják. Szakmai érv: A CARA Full Face különlegessége a tökéletesített, rendkívül csendes és diffúz kilégzőrendszer, amely porlasztva vezeti el a levegőt, így elkerülhető a zavaró huzatérzet. A maszk innovatív, homloktámasz nélküli vázszerkezete az ergonomikus vonalvezetésnek köszönheti stabilitását: a pántok elhelyezkedése és a váz geometriája optimálisan osztja el a tartóerőt az arcon. Az extra puha szilikon párna felső része zárt kialakítású, ami célzottan akadályozza meg, hogy a levegő a páciens szeme felé áramoljon, miközben a 360 fokban elforduló gömbcsukló szabad mozgást enged. Főbb előnyök: - Kompakt és könnyű: Orr-száj maszk kategóriában kiemelkedően alacsony súly, amely mérsékli az arcra nehezedő terhelést. - Intelligens vázszerkezet: Stabil tartást biztosít kevesebb érintkezési ponttal, szabadabb érzetet nyújtva a felhasználónak. - Csendes és szórt légáramlás: Optimalizált kilégzőnyílások a nyugodt és csendes alvási környezetért. - Bőrbarát fejpánt: OEKO-TEX minősítésű, lélegző anyagok az irritációmentes viseletért. - Mágnesmentes kialakítás: Biztonsággal használható minden páciensnél, beleértve a beültetett orvostechnikai eszközzel rendelkezőket is. | U55: 4-25 hPA | W55: 97 g | X55: 93 x 160 x 90 mm | Y55: 219 ml | AI55: Méretenként | AJ55: maszkváz, a kiválasztott méretű maszkpárna, fejpánt, használati útmutató | AK55: Nem | AL55: Nem | AM55: 2 év | AN55: WM 25243; WM 25602; | AO55: Cara FF fejpánt, szilikon M | AP55: csak angol és egyéb nyelvek! A gyártó oldalán sem találtam magyart sajnos… | AQ55: lowenstein-cara-full-face-maszk-m | AR55: Löwenstein CARA Full Face arcmaszk M méret | Alvásterápia | AS55: Pehelykönnyű Löwenstein CARA Full Face orr-száj maszk M méretben. Puha szilikonpárna, csendes kilégzés és szivárgásmentes illeszkedés. Rendelje meg! | AV55: =VLOOKUP(I55, Kiegészítő_Mátrix!C:E, 3, FALSE) -> #N/A
B56: 3. | C56: Maszkok | D56: 3.2 | E56: Arcmaszkok | H56: CARA-FULLFACEMASZK | I56: WM 25650 | J56: Cara Full (L) | K56: Engedélyezett | L56: Löwenstein | M56: 59690 | N56: egyedi eng. | O56: 44896 | P56: L | Q56: profi | R56: Löwenstein CARA Full Face – a pehelykönnyű szabadság. Csendes működés, kiváló illeszkedés és bőrbarát anyagok egy díjnyertes orr-száj maszkban. | S56: A Löwenstein Medical CARA Full Face maszkja bizonyítja, hogy egy teljes orr-száj maszk is lehet könnyed és diszkrét. A Red Dot Design Award díjas CARA család tagjaként ez a modell is a „láthatatlan” kényelmet és a kiváló illeszkedést képviseli. Pehelykönnyű súlya és puha, az arc kontúrjaihoz simuló szilikon párnája révén segít csökkentett nyomásérzetet biztosítani az éjszaka folyamán. Ideális választás azoknak a pácienseknek, akik szájon át is lélegeznek alvás közben, de a kompakt kialakítású eszközöket preferálják. Szakmai érv: A CARA Full Face különlegessége a tökéletesített, rendkívül csendes és diffúz kilégzőrendszer, amely porlasztva vezeti el a levegőt, így elkerülhető a zavaró huzatérzet. A maszk innovatív, homloktámasz nélküli vázszerkezete az ergonomikus vonalvezetésnek köszönheti stabilitását: a pántok elhelyezkedése és a váz geometriája optimálisan osztja el a tartóerőt az arcon. Az extra puha szilikon párna felső része zárt kialakítású, ami célzottan akadályozza meg, hogy a levegő a páciens szeme felé áramoljon, miközben a 360 fokban elforduló gömbcsukló szabad mozgást enged. Főbb előnyök: - Kompakt és könnyű: Orr-száj maszk kategóriában kiemelkedően alacsony súly, amely mérsékli az arcra nehezedő terhelést. - Intelligens vázszerkezet: Stabil tartást biztosít kevesebb érintkezési ponttal, szabadabb érzetet nyújtva a felhasználónak. - Csendes és szórt légáramlás: Optimalizált kilégzőnyílások a nyugodt és csendes alvási környezetért. - Bőrbarát fejpánt: OEKO-TEX minősítésű, lélegző anyagok az irritációmentes viseletért. - Mágnesmentes kialakítás: Biztonsággal használható minden páciensnél, beleértve a beültetett orvostechnikai eszközzel rendelkezőket is. | U56: 4-25 hPA | W56: 102 g | X56: 93 x 174 x 91 mm | Y56: 244 ml | AI56: Méretenként | AJ56: maszkváz, a kiválasztott méretű maszkpárna, fejpánt, használati útmutató | AK56: Nem | AL56: Nem | AM56: 2 év | AN56: WM 25243; WM 25603; | AO56: Cara FF fejpánt, szilikon L | AP56: csak angol és egyéb nyelvek! A gyártó oldalán sem találtam magyart sajnos… | AQ56: lowenstein-cara-full-face-maszk-l | AR56: Löwenstein CARA Full Face arcmaszk L méret | Alvásterápia | AS56: Pehelykönnyű Löwenstein CARA Full Face orr-száj maszk L méretben. Puha szilikonpárna, csendes kilégzés és szivárgásmentes illeszkedés. Rendelje meg! | AV56: =VLOOKUP(I56, Kiegészítő_Mátrix!C:E, 3, FALSE) -> #N/A
B57: 3. | C57: Maszkok | D57: 3.2 | E57: Arcmaszkok | H57: CARA-FULLFACEMASZK | I57: WM 25680 | J57: Cara Full (XL) | K57: Engedélyezett | L57: Löwenstein | M57: 59690 | N57: egyedi eng. | O57: 45292 | P57: XL | Q57: profi | R57: Löwenstein CARA Full Face – a pehelykönnyű szabadság. Csendes működés, kiváló illeszkedés és bőrbarát anyagok egy díjnyertes orr-száj maszkban. | S57: A Löwenstein Medical CARA Full Face maszkja bizonyítja, hogy egy teljes orr-száj maszk is lehet könnyed és diszkrét. A Red Dot Design Award díjas CARA család tagjaként ez a modell is a „láthatatlan” kényelmet és a kiváló illeszkedést képviseli. Pehelykönnyű súlya és puha, az arc kontúrjaihoz simuló szilikon párnája révén segít csökkentett nyomásérzetet biztosítani az éjszaka folyamán. Ideális választás azoknak a pácienseknek, akik szájon át is lélegeznek alvás közben, de a kompakt kialakítású eszközöket preferálják. Szakmai érv: A CARA Full Face különlegessége a tökéletesített, rendkívül csendes és diffúz kilégzőrendszer, amely porlasztva vezeti el a levegőt, így elkerülhető a zavaró huzatérzet. A maszk innovatív, homloktámasz nélküli vázszerkezete az ergonomikus vonalvezetésnek köszönheti stabilitását: a pántok elhelyezkedése és a váz geometriája optimálisan osztja el a tartóerőt az arcon. Az extra puha szilikon párna felső része zárt kialakítású, ami célzottan akadályozza meg, hogy a levegő a páciens szeme felé áramoljon, miközben a 360 fokban elforduló gömbcsukló szabad mozgást enged. Főbb előnyök: - Kompakt és könnyű: Orr-száj maszk kategóriában kiemelkedően alacsony súly, amely mérsékli az arcra nehezedő terhelést. - Intelligens vázszerkezet: Stabil tartást biztosít kevesebb érintkezési ponttal, szabadabb érzetet nyújtva a felhasználónak. - Csendes és szórt légáramlás: Optimalizált kilégzőnyílások a nyugodt és csendes alvási környezetért. - Bőrbarát fejpánt: OEKO-TEX minősítésű, lélegző anyagok az irritációmentes viseletért. - Mágnesmentes kialakítás: Biztonsággal használható minden páciensnél, beleértve a beültetett orvostechnikai eszközzel rendelkezőket is. | U57: 4-25 hPA | W57: 109 g | X57: 96 x 185 x 100 mm | Y57: 291 ml | AI57: Méretenként | AJ57: maszkváz, a kiválasztott méretű maszkpárna, fejpánt, használati útmutató | AK57: Nem | AL57: Nem | AM57: 2 év | AN57: WM 25243; WM 25676; | AO57: Cara FF fejpánt, szilikon XL | AP57: csak angol és egyéb nyelvek! A gyártó oldalán sem találtam magyart sajnos… | AQ57: lowenstein-cara-full-face-maszk-xl | AR57: Löwenstein CARA Full Face arcmaszk XL méret | Alvásterápia | AS57: Pehelykönnyű Löwenstein CARA Full Face orr-száj maszk XL méretben. Puha szilikonpárna, csendes kilégzés és szivárgásmentes illeszkedés. Rendelje meg! | AV57: =VLOOKUP(I57, Kiegészítő_Mátrix!C:E, 3, FALSE) -> #N/A
B58: 3. | C58: Maszkok | D58: 3.2 | E58: Arcmaszkok | H58: JOYCEEASY-FULLFACEMASZK | I58: WM 25910 | J58: JoyceEasy Full (S) | K58: Engedélyezett | L58: Löwenstein | M58: 57785 | N58: egyedi eng. | O58: 41640 | P58: S | Q58: profi | R58: Löwenstein JOYCEeasy Full Face – a stabilitás és kényelem klasszikus egyensúlya. Állítható homloktámasz és SilkTec bevonat a személyre szabott, irritációmentes illeszkedésért. | S58: A JOYCEeasy Full Face orr-száj maszk a Löwenstein Medical egyik legmegbízhatóbb modellje, amely a robusztus felépítést ötvözi a modern kényelmi megoldásokkal. Kifejezetten olyan páciensek számára készült, akiknek fontos a maszk stabil tartása és a precíz állíthatóság. A maszk minden részlete a tartósságot és a könnyű kezelhetőséget szolgálja, miközben a különleges felületkezelés gondoskodik a bőr védelméről a hosszú éjszakák során is. Szakmai érv: A JOYCEeasy Full Face egyik kiemelkedő jellemzője a fokozatmentesen állítható homloktámasz. Ez a megoldás lehetővé teszi, hogy a felhasználó milliméter pontosan szabályozza a maszk dőlésszögét, így optimálisan osztható el a nyomás a homlokcsont és az orrnyereg között. A homloktámaszon és az orr-száj párnán egyaránt megtalálható a selymes tapintású SilkTec bevonat, amely drasztikusan csökkenti a szilikon és a bőr közötti súrlódást, megelőzve az irritációt és a bőrpírt. A maszk gömbcsuklós csatlakozása 360 fokos mozgásszabadságot biztosít, a színkódolt rögzítőkapcsok pedig segítik a gyors és hibamentes felhelyezést. Főbb előnyök: - Precíz homloktámasz-állítás: Személyre szabott nyomáselosztás a maximális kényelem és stabilitás érdekében. - SilkTec technológia: Selymesen puha felület az érintkezési pontokon, amely védi az érzékeny arcbőrt. - Kiváló illeszkedés: Robusztus kialakítás, amely magas terápiás nyomás mellett is szivárgásmentes és stabil marad. - Intuitív rögzítés: Színkódolt kapcsok teszik egyszerűvé a napi használatot és a maszk felhelyezését. - Csendes működés: Hatékony kilégzőrendszer, amely halkan és zavarmentesen vezeti el a távozó levegőt. | U58: 4-30 hPA | W58: 120 g | X58: 90 x 145 x 101 mm | Y58: 180 ml | AI58: Méretenként | AJ58: maszkváz, a kiválasztott méretű maszkpárna, fejpánt, használati útmutató | AK58: Nem | AL58: Nem | AM58: 2 év | AN58: WM 25606; WM 26871 | AO58: J.Easy FF fejpánt, szilikon S | AP58: hun, en, stb összevontan | AQ58: lowenstein-joyce-easy-full-face-maszk-s | AR58: Löwenstein JOYCEeasy Full Face arcmaszk S | Alvásterápia | AS58: Klasszikus Löwenstein JOYCEeasy Full Face orr-száj maszk S méretben. Bőrbarát SilkTec bevonat, állítható homloktámasz és stabil rögzítés nyomás alatt is. | AV58: =VLOOKUP(I58, Kiegészítő_Mátrix!C:E, 3, FALSE) -> Joyce Easy FullFace kiegészítők
B59: 3. | C59: Maszkok | D59: 3.2 | E59: Arcmaszkok | H59: JOYCEEASY-FULLFACEMASZK | I59: WM 25920 | J59: JoyceEasy Full (M) | K59: Engedélyezett | L59: Löwenstein | M59: 57785 | N59: egyedi eng. | O59: 41640 | P59: M | Q59: profi | R59: Löwenstein JOYCEeasy Full Face – a stabilitás és kényelem klasszikus egyensúlya. Állítható homloktámasz és SilkTec bevonat a személyre szabott, irritációmentes illeszkedésért. | S59: A JOYCEeasy Full Face orr-száj maszk a Löwenstein Medical egyik legmegbízhatóbb modellje, amely a robusztus felépítést ötvözi a modern kényelmi megoldásokkal. Kifejezetten olyan páciensek számára készült, akiknek fontos a maszk stabil tartása és a precíz állíthatóság. A maszk minden részlete a tartósságot és a könnyű kezelhetőséget szolgálja, miközben a különleges felületkezelés gondoskodik a bőr védelméről a hosszú éjszakák során is. Szakmai érv: A JOYCEeasy Full Face egyik kiemelkedő jellemzője a fokozatmentesen állítható homloktámasz. Ez a megoldás lehetővé teszi, hogy a felhasználó milliméter pontosan szabályozza a maszk dőlésszögét, így optimálisan osztható el a nyomás a homlokcsont és az orrnyereg között. A homloktámaszon és az orr-száj párnán egyaránt megtalálható a selymes tapintású SilkTec bevonat, amely drasztikusan csökkenti a szilikon és a bőr közötti súrlódást, megelőzve az irritációt és a bőrpírt. A maszk gömbcsuklós csatlakozása 360 fokos mozgásszabadságot biztosít, a színkódolt rögzítőkapcsok pedig segítik a gyors és hibamentes felhelyezést. Főbb előnyök: - Precíz homloktámasz-állítás: Személyre szabott nyomáselosztás a maximális kényelem és stabilitás érdekében. - SilkTec technológia: Selymesen puha felület az érintkezési pontokon, amely védi az érzékeny arcbőrt. - Kiváló illeszkedés: Robusztus kialakítás, amely magas terápiás nyomás mellett is szivárgásmentes és stabil marad. - Intuitív rögzítés: Színkódolt kapcsok teszik egyszerűvé a napi használatot és a maszk felhelyezését. - Csendes működés: Hatékony kilégzőrendszer, amely halkan és zavarmentesen vezeti el a távozó levegőt. | U59: 4-30 hPA | W59: 126 g | X59: 90 x 155 x 101 mm | Y59: 210 ml | AI59: Méretenként | AJ59: maszkváz, a kiválasztott méretű maszkpárna, fejpánt, használati útmutató | AK59: Nem | AL59: Nem | AM59: 2 év | AN59: WM 25606; WM 26872 | AO59: J.Easy FF fejpánt, szilikon M | AP59: hun, en, stb összevontan | AQ59: lowenstein-joyce-easy-full-face-maszk-m | AR59: Löwenstein JOYCEeasy Full Face arcmaszk M | Alvásterápia | AS59: Klasszikus Löwenstein JOYCEeasy Full Face orr-száj maszk M méretben. Bőrbarát SilkTec bevonat, állítható homloktámasz és stabil rögzítés nyomás alatt is. | AV59: =VLOOKUP(I59, Kiegészítő_Mátrix!C:E, 3, FALSE) -> Joyce Easy FullFace kiegészítők
B60: 3. | C60: Maszkok | D60: 3.2 | E60: Arcmaszkok | H60: JOYCEEASY-FULLFACEMASZK | I60: WM 25930 | J60: JoyceEasy Full (L) | K60: Engedélyezett | L60: Löwenstein | M60: 57785 | N60: egyedi eng. | O60: 41640 | P60: L | Q60: profi | R60: Löwenstein JOYCEeasy Full Face – a stabilitás és kényelem klasszikus egyensúlya. Állítható homloktámasz és SilkTec bevonat a személyre szabott, irritációmentes illeszkedésért. | S60: A JOYCEeasy Full Face orr-száj maszk a Löwenstein Medical egyik legmegbízhatóbb modellje, amely a robusztus felépítést ötvözi a modern kényelmi megoldásokkal. Kifejezetten olyan páciensek számára készült, akiknek fontos a maszk stabil tartása és a precíz állíthatóság. A maszk minden részlete a tartósságot és a könnyű kezelhetőséget szolgálja, miközben a különleges felületkezelés gondoskodik a bőr védelméről a hosszú éjszakák során is. Szakmai érv: A JOYCEeasy Full Face egyik kiemelkedő jellemzője a fokozatmentesen állítható homloktámasz. Ez a megoldás lehetővé teszi, hogy a felhasználó milliméter pontosan szabályozza a maszk dőlésszögét, így optimálisan osztható el a nyomás a homlokcsont és az orrnyereg között. A homloktámaszon és az orr-száj párnán egyaránt megtalálható a selymes tapintású SilkTec bevonat, amely drasztikusan csökkenti a szilikon és a bőr közötti súrlódást, megelőzve az irritációt és a bőrpírt. A maszk gömbcsuklós csatlakozása 360 fokos mozgásszabadságot biztosít, a színkódolt rögzítőkapcsok pedig segítik a gyors és hibamentes felhelyezést. Főbb előnyök: - Precíz homloktámasz-állítás: Személyre szabott nyomáselosztás a maximális kényelem és stabilitás érdekében. - SilkTec technológia: Selymesen puha felület az érintkezési pontokon, amely védi az érzékeny arcbőrt. - Kiváló illeszkedés: Robusztus kialakítás, amely magas terápiás nyomás mellett is szivárgásmentes és stabil marad. - Intuitív rögzítés: Színkódolt kapcsok teszik egyszerűvé a napi használatot és a maszk felhelyezését. - Csendes működés: Hatékony kilégzőrendszer, amely halkan és zavarmentesen vezeti el a távozó levegőt. | U60: 4-30 hPA | W60: 134 g | X60: 96 x 170 x 105 mm | Y60: 270 ml | AI60: Méretenként | AJ60: maszkváz, a kiválasztott méretű maszkpárna, fejpánt, használati útmutató | AK60: Nem | AL60: Nem | AM60: 2 év | AN60: WM 25606; WM 26873 | AO60: J.Easy FF fejpánt, szilikon L | AP60: hun, en, stb összevontan | AQ60: lowenstein-joyce-easy-full-face-maszk-l | AR60: Löwenstein JOYCEeasy Full Face arcmaszk L | Alvásterápia | AS60: Klasszikus Löwenstein JOYCEeasy Full Face orr-száj maszk L méretben. Bőrbarát SilkTec bevonat, állítható homloktámasz és stabil rögzítés nyomás alatt is. | AV60: =VLOOKUP(I60, Kiegészítő_Mátrix!C:E, 3, FALSE) -> Joyce Easy FullFace kiegészítők
B61: 3. | C61: Maszkok | D61: 3.2 | E61: Arcmaszkok | H61: JOYCEEASYNEXT-FULLFACEMASZK | I61: WM 25109 | J61: JoyceEasy Next Full (S) | K61: Engedélyezett | L61: Löwenstein | M61: 64770 | N61: egyedi eng. | O61: 42522 | P61: S | Q61: profi | R61: Löwenstein JOYCEeasy next FF – a megbízhatóság új generációja. Stabil illeszkedés, állítható homloktámasz és SilkTec bevonat a professzionális terápia szolgálatában. | S61: A JOYCEeasy next FF az egyik legsikeresebb orr-száj maszkunk továbbfejlesztett változata, amely a Löwenstein Medical évtizedes tapasztalatait ötvözi. A tervezők megőrizték a JOYCE-sorozatra jellemző rendkívüli stabilitást, miközben a maszk vázát könnyebbé és áramvonalasabbá tették. Ez a típus ideális választás azoknak a pácienseknek, akik a hagyományos, homloktámaszos kialakítású maszkokban bíznak, de elvárják a modern anyaghasználat nyújtotta extra kényelmet. Szakmai érv: A JOYCEeasy next FF legfőbb technológiai előnye a precízen, több fokozatban állítható homloktámasz, amely lehetővé teszi a maszk dőlésszögének személyre szabott beállítását. Ez a megoldás segít abban, hogy a tartóerő egyenletesen oszoljon el a homlok és az orrnyereg között, elkerülve a kellemetlen nyomáspontokat. A párna és a homloktámasz felülete is a speciális SilkTec bevonattal készült: ez a selymes tapintású réteg minimalizálja a szilikon és a bőr közötti súrlódást, így jelentősen csökkenti az irritáció és a bőrpír kialakulásának esélyét. A maszk gömbcsuklós csatlakozása és a csendes kilégzőrendszer zavartalan mozgásszabadságot és nyugodt éjszakát biztosít. Főbb előnyök: - Személyre szabott stabilitás: Állítható homloktámasz a tökéletes illeszkedésért és a tehermentesített orrnyeregért. - SilkTec technológia: Bőrbarát, selymesen puha szilikon felület az érintkezési pontokon. - Könnyített kialakítás: Erős tartás modernebb, kisebb súlyú vázszerkezettel. - Intuitív kezelés: Színkódolt rögzítőkapcsok és egyszerűen tisztítható alkatrészek. - Mágnesmentes rögzítés: Biztonsággal alkalmazható minden páciensnél, beültetett orvostechnikai eszközök (pl. pacemaker) mellett is. | U61: 4-40 hPA | W61: 120 g | X61: 90 x 145 x 101 mm | Y61: 180 ml | AI61: Méretenként | AJ61: maszkváz, a kiválasztott méretű maszkpárna, fejpánt, használati útmutató | AK61: Nem | AL61: Nem | AM61: 2 év | AN61: WM 25105; WM 25104 | AO61: J.Easy NEXT FF fejpánt, szilikon S | AP61: hun, en, stb összevontan | AQ61: lowenstein-joyce-easy-next-full-face-maszk-s | AR61: Löwenstein JOYCEeasy next FF arcmaszk S | Alvásterápia | AS61: Új generációs Löwenstein JOYCEeasy next Full Face maszk S méretben. Továbbfejlesztett ergonómia, halk légáramlás és maximális szivárgásmentesség. | AV61: =VLOOKUP(I61, Kiegészítő_Mátrix!C:E, 3, FALSE) -> #N/A
B62: 3. | C62: Maszkok | D62: 3.2 | E62: Arcmaszkok | H62: JOYCEEASYNEXT-FULLFACEMASZK | I62: WM 25119 | J62: JoyceEasy Next Full (M) | K62: Engedélyezett | L62: Löwenstein | M62: 64770 | N62: egyedi eng. | O62: 42522 | P62: M | Q62: profi | R62: Löwenstein JOYCEeasy next FF – a megbízhatóság új generációja. Stabil illeszkedés, állítható homloktámasz és SilkTec bevonat a professzionális terápia szolgálatában. | S62: A JOYCEeasy next FF az egyik legsikeresebb orr-száj maszkunk továbbfejlesztett változata, amely a Löwenstein Medical évtizedes tapasztalatait ötvözi. A tervezők megőrizték a JOYCE-sorozatra jellemző rendkívüli stabilitást, miközben a maszk vázát könnyebbé és áramvonalasabbá tették. Ez a típus ideális választás azoknak a pácienseknek, akik a hagyományos, homloktámaszos kialakítású maszkokban bíznak, de elvárják a modern anyaghasználat nyújtotta extra kényelmet. Szakmai érv: A JOYCEeasy next FF legfőbb technológiai előnye a precízen, több fokozatban állítható homloktámasz, amely lehetővé teszi a maszk dőlésszögének személyre szabott beállítását. Ez a megoldás segít abban, hogy a tartóerő egyenletesen oszoljon el a homlok és az orrnyereg között, elkerülve a kellemetlen nyomáspontokat. A párna és a homloktámasz felülete is a speciális SilkTec bevonattal készült: ez a selymes tapintású réteg minimalizálja a szilikon és a bőr közötti súrlódást, így jelentősen csökkenti az irritáció és a bőrpír kialakulásának esélyét. A maszk gömbcsuklós csatlakozása és a csendes kilégzőrendszer zavartalan mozgásszabadságot és nyugodt éjszakát biztosít. Főbb előnyök: - Személyre szabott stabilitás: Állítható homloktámasz a tökéletes illeszkedésért és a tehermentesített orrnyeregért. - SilkTec technológia: Bőrbarát, selymesen puha szilikon felület az érintkezési pontokon. - Könnyített kialakítás: Erős tartás modernebb, kisebb súlyú vázszerkezettel. - Intuitív kezelés: Színkódolt rögzítőkapcsok és egyszerűen tisztítható alkatrészek. - Mágnesmentes rögzítés: Biztonsággal alkalmazható minden páciensnél, beültetett orvostechnikai eszközök (pl. pacemaker) mellett is. | U62: 4-40 hPA | W62: 126 g | X62: 90 x 155 x 101 mm | Y62: 210 ml | AI62: Méretenként | AJ62: maszkváz, a kiválasztott méretű maszkpárna, fejpánt, használati útmutató | AK62: Nem | AL62: nem | AM62: 2 év | AN62: WM 25105; WM 25114 | AO62: J.Easy NEXT FF fejpánt, szilikon M | AP62: hun, en, stb összevontan | AQ62: lowenstein-joyce-easy-next-full-face-maszk-m | AR62: Löwenstein JOYCEeasy next FF arcmaszk M | Alvásterápia | AS62: Új generációs Löwenstein JOYCEeasy next Full Face maszk M méretben. Továbbfejlesztett ergonómia, halk légáramlás és maximális szivárgásmentesség. | AV62: =VLOOKUP(I62, Kiegészítő_Mátrix!C:E, 3, FALSE) -> #N/A
B63: 3. | C63: Maszkok | D63: 3.2 | E63: Arcmaszkok | H63: JOYCEEASYNEXT-FULLFACEMASZK | I63: WM 25129 | J63: JoyceEasy Next Full (L) | K63: Engedélyezett | L63: Löwenstein | M63: 64770 | N63: egyedi eng. | O63: 42491 | P63: L | Q63: profi | R63: Löwenstein JOYCEeasy next FF – a megbízhatóság új generációja. Stabil illeszkedés, állítható homloktámasz és SilkTec bevonat a professzionális terápia szolgálatában. | S63: A JOYCEeasy next FF az egyik legsikeresebb orr-száj maszkunk továbbfejlesztett változata, amely a Löwenstein Medical évtizedes tapasztalatait ötvözi. A tervezők megőrizték a JOYCE-sorozatra jellemző rendkívüli stabilitást, miközben a maszk vázát könnyebbé és áramvonalasabbá tették. Ez a típus ideális választás azoknak a pácienseknek, akik a hagyományos, homloktámaszos kialakítású maszkokban bíznak, de elvárják a modern anyaghasználat nyújtotta extra kényelmet. Szakmai érv: A JOYCEeasy next FF legfőbb technológiai előnye a precízen, több fokozatban állítható homloktámasz, amely lehetővé teszi a maszk dőlésszögének személyre szabott beállítását. Ez a megoldás segít abban, hogy a tartóerő egyenletesen oszoljon el a homlok és az orrnyereg között, elkerülve a kellemetlen nyomáspontokat. A párna és a homloktámasz felülete is a speciális SilkTec bevonattal készült: ez a selymes tapintású réteg minimalizálja a szilikon és a bőr közötti súrlódást, így jelentősen csökkenti az irritáció és a bőrpír kialakulásának esélyét. A maszk gömbcsuklós csatlakozása és a csendes kilégzőrendszer zavartalan mozgásszabadságot és nyugodt éjszakát biztosít. Főbb előnyök: Személyre szabott stabilitás: Állítható homloktámasz a tökéletes illeszkedésért és a tehermentesített orrnyeregért. SilkTec technológia: Bőrbarát, selymesen puha szilikon felület az érintkezési pontokon. Könnyített kialakítás: Erős tartás modernebb, kisebb súlyú vázszerkezettel. Intuitív kezelés: Színkódolt rögzítőkapcsok és egyszerűen tisztítható alkatrészek. Mágnesmentes rögzítés: Biztonsággal alkalmazható minden páciensnél, beültetett orvostechnikai eszközök (pl. pacemaker) mellett is. | U63: 4-40 hPA | W63: 134 g | X63: 96 x 170 x 105 mm | Y63: 270 ml | AI63: Méretenként | AJ63: maszkváz, a kiválasztott méretű maszkpárna, fejpánt, használati útmutató | AK63: Nem | AL63: nem | AM63: 2 év | AN63: WM 25105; WM 25124 | AO63: J.Easy NEXT FF fejpánt, szilikon L | AP63: hun, en, stb összevontan | AQ63: lowenstein-joyce-easy-next-full-face-maszk-l | AR63: Löwenstein JOYCEeasy next FF arcmaszk L | Alvásterápia | AS63: Új generációs Löwenstein JOYCEeasy next Full Face maszk L méretben. Továbbfejlesztett ergonómia, halk légáramlás és maximális szivárgásmentesség. | AV63: =VLOOKUP(I63, Kiegészítő_Mátrix!C:E, 3, FALSE) -> #N/A
B64: 3. | C64: Maszkok | D64: 3.2 | E64: Arcmaszkok | H64: JOYCEONE-FULLFACEMASZK | I64: WM 25290 | J64: Joyce ONE Full | K64: Engedélyezett | L64: Löwenstein | M64: 60960 | N64: egyedi eng. | P64: egyméretes | R64: Löwenstein JOYCEone Full Face – az intelligens választás. Önállóan idomuló kialakítás és SilkTec technológia egyetlen, mindenki számára ideális méretben. | S64: A JOYCEone Full Face az alvásterápia egyik legpraktikusabb orr-száj maszkja, amely véget vet a bonyolult méretvételi eljárásoknak. Különleges tervezésének köszönhetően ez az „egyméretes” modell a legkülönfélébb arcformákhoz is automatikusan és magabiztosan illeszkedik. Ideális választás kezdő terápiás betegeknek, vagy azoknak, akik egy egyszerűen kezelhető, mégis professzionális megoldást keresnek a mindennapi használathoz. Szakmai érv: A JOYCEone Full Face lelke az önbeálló (self-adjusting) maszkpárna és a rugalmas homloktámasz-rendszer. Ezek az elemek dinamikusan követik az arc kontúrjait, így a pántok feszítésekor a maszk automatikusan megtalálja az optimális pozíciót és a szivárgásmentes illeszkedést. Az érintkezési pontokon alkalmazott SilkTec bevonat selymes tapintása minimalizálja a bőr irritációját, a csendes kilégzőrendszer pedig gondoskodik a zavartalan pihenésről. A maszk robusztus felépítése magas terápiás nyomás esetén is stabil marad, csökkentve az elmozdulás esélyét. Főbb előnyök: - Egyméretes koncepció (One Size): Nincs szükség méretvételre, a maszk szinte minden arcformához tökéletesen idomul. - Automatikus illeszkedés: Intelligens párna- és homloktámasz-kialakítás a gyors és egyszerű beállításért. - SilkTec kényelem: Selymesen puha felület védi az arcbőrt a nyomáspontoktól és a pirosságtól. - Mágnesmentes rögzítés: Biztonsággal alkalmazható minden páciensnél, beültetett orvostechnikai eszközök (pl. pacemaker) mellett is. - Hosszú élettartam: Strapabíró vázszerkezet és könnyen tisztítható, tartós alkatrészek. | U64: 4-30 hPA | W64: 127 g | X64: 89 x 155 x 97 mm | Y64: 240 ml | AI64: Egyméretes | AJ64: maszkváz, egyméretes maszkpárna, fejpánt, használati útmutató | AK64: Nem | AL64: nem | AM64: 2 év | AN64: WM 25277; WM 25293 | AO64: J.ONE FF fejpánt, szilikon | AP64: hun, en, stb összevontan | AQ64: lowenstein-joyce-one-full-face-maszk | AR64: Löwenstein JOYCEone Full Face arcmaszk | Alvásterápia | AS64: Univerzális méretű Löwenstein JOYCEone Full Face maszk. Intelligens, arcvonalhoz önállóan illeszkedő párna és SilkTec felület a kényelmes éjszakákért. | AV64: =VLOOKUP(I64, Kiegészítő_Mátrix!C:E, 3, FALSE) -> #N/A
B65: 3. | C65: Maszkok | D65: 3.2 | E65: Arcmaszkok | H65: LENA-MASZK | I65: LMT 26460 | J65: Lena Full (S) | K65: Engedélyezett | L65: Löwenstein | M65: 62230 | N65: egyedi eng. | O65: 44896 | P65: S | R65: Löwenstein LENA – professzionális megoldás magas terápiás nyomáshoz. Kiemelkedő stabilitás, dupla ajkú maszkpárna és integrált oxigéncsatlakozó a maximális biztonságért. | S65: A Löwenstein Medical LENA orr-száj maszkja a megbízhatóság csúcsát képviseli, különösen magas terápiás nyomás (CPAP vagy BiPAP) esetén. Ezt a maszkot úgy tervezték, hogy még a jelentős nyomáskülönbségek mellett is stabil maradjon, elkerülve a kellemetlen szivárgást. A LENA ideális választás azoknak a pácienseknek, akiknek az alvásterápia során extra tartásra és robusztus kialakításra van szükségük a hatékony kezeléshez. Szakmai érv: A LENA technológiai alapja a dupla ajkú (double-lip) maszkpárna, amely a terápiás nyomást kihasználva egyfajta légpárnát képez az arc és a szilikon között. Ez a megoldás garantálja a kiváló illeszkedést anélkül, hogy erős szorításra vagy nyomáspontok kialakítására lenne szükség. Az egyénileg állítható homloktámasz és a széles felületű homlokpárna lehetővé teszi a tartóerő precíz elosztását, így tehermentesítve az érzékeny orrnyerget. A maszk vázába integrált oxigéncsatlakozó révén külön adapter nélkül, közvetlenül adagolható kiegészítő oxigén a terápia mellé. A csendes, diffúz kilégzőrendszer és a 360 fokos gömbcsukló biztosítja a páciens mozgásszabadságát és az alvótárs nyugalmát. Főbb előnyök: - Magas nyomásra optimalizálva: Akár 35 hPa nyomásérték mellett is megőrzi stabilitását és illeszkedését. - Dupla ajkú maszkpárna: Innovatív kialakítás a szivárgásmentes és kényelmes illeszkedésért. - Állítható homloktámasz: Személyre szabott beállítási lehetőség az optimális nyomáselosztás érdekében. - Integrált oxigén-kapcsolat: Egyszerű és gyors csatlakozási lehetőség kiegészítő oxigénforráshoz. - Mágnesmentes rögzítés: Biztonsággal alkalmazható minden páciensnél, beültetett orvostechnikai eszközök (pl. pacemaker) mellett is. | U65: 4-35 hPA | W65: 137 g | X65: 155 x 100 x 95 mm | Y65: 246 ml | AI65: Méretenként | AJ65: maszkváz, a kiválasztott méretű maszkpárna, fejpánt, használati útmutató | AK65: Nem | AL65: nem | AM65: 2 év | AN65: LMT 26435; LMT 26602 | AO65: Lena fejpánt, szilikon S | AP65: hun, en, stb összevontan | AQ65: lowenstein-lena-full-face-maszk-s | AR65: Löwenstein LENA Full Face arcmaszk S méret | Alvásterápia | AS65: Nagy nyomásokhoz tervezett Löwenstein LENA orr-száj maszk S méretben. Dupla peremű maszkpárna, oxigéncsatlakozó és páratlan stabilitás CPAP terápiához. | AT65: en, de | AV65: =VLOOKUP(I65, Kiegészítő_Mátrix!C:E, 3, FALSE) -> #N/A
B66: 3. | C66: Maszkok | D66: 3.2 | E66: Arcmaszkok | H66: LENA-MASZK | I66: LMT 26470 | J66: Lena Full (M) | K66: Engedélyezett | L66: Löwenstein | M66: 62230 | N66: egyedi eng. | O66: 44896 | P66: M | R66: Löwenstein LENA – professzionális megoldás magas terápiás nyomáshoz. Kiemelkedő stabilitás, dupla ajkú maszkpárna és integrált oxigéncsatlakozó a maximális biztonságért. | S66: A Löwenstein Medical LENA orr-száj maszkja a megbízhatóság csúcsát képviseli, különösen magas terápiás nyomás (CPAP vagy BiPAP) esetén. Ezt a maszkot úgy tervezték, hogy még a jelentős nyomáskülönbségek mellett is stabil maradjon, elkerülve a kellemetlen szivárgást. A LENA ideális választás azoknak a pácienseknek, akiknek az alvásterápia során extra tartásra és robusztus kialakításra van szükségük a hatékony kezeléshez. Szakmai érv: A LENA technológiai alapja a dupla ajkú (double-lip) maszkpárna, amely a terápiás nyomást kihasználva egyfajta légpárnát képez az arc és a szilikon között. Ez a megoldás garantálja a kiváló illeszkedést anélkül, hogy erős szorításra vagy nyomáspontok kialakítására lenne szükség. Az egyénileg állítható homloktámasz és a széles felületű homlokpárna lehetővé teszi a tartóerő precíz elosztását, így tehermentesítve az érzékeny orrnyerget. A maszk vázába integrált oxigéncsatlakozó révén külön adapter nélkül, közvetlenül adagolható kiegészítő oxigén a terápia mellé. A csendes, diffúz kilégzőrendszer és a 360 fokos gömbcsukló biztosítja a páciens mozgásszabadságát és az alvótárs nyugalmát. Főbb előnyök: - Magas nyomásra optimalizálva: Akár 35 hPa nyomásérték mellett is megőrzi stabilitását és illeszkedését. - Dupla ajkú maszkpárna: Innovatív kialakítás a szivárgásmentes és kényelmes illeszkedésért. - Állítható homloktámasz: Személyre szabott beállítási lehetőség az optimális nyomáselosztás érdekében. - Integrált oxigén-kapcsolat: Egyszerű és gyors csatlakozási lehetőség kiegészítő oxigénforráshoz. - Mágnesmentes rögzítés: Biztonsággal alkalmazható minden páciensnél, beültetett orvostechnikai eszközök (pl. pacemaker) mellett is. | U66: 4-35 hPA | W66: 141 g | X66: 165 x 100 x 95 mm | Y66: 288 ml | AI66: Méretenként | AJ66: maszkváz, a kiválasztott méretű maszkpárna, fejpánt, használati útmutató | AK66: Nem | AL66: nem | AM66: 2 év | AN66: LMT 26435; LMT 26603 | AO66: Lena fejpánt, szilikon M | AP66: hun, en, stb összevontan | AQ66: lowenstein-lena-full-face-maszk-m | AR66: Löwenstein LENA Full Face arcmaszk M méret | Alvásterápia | AS66: Nagy nyomásokhoz tervezett Löwenstein LENA orr-száj maszk M méretben. Dupla peremű maszkpárna, oxigéncsatlakozó és páratlan stabilitás CPAP terápiához. | AV66: =VLOOKUP(I66, Kiegészítő_Mátrix!C:E, 3, FALSE) -> #N/A
B67: 3. | C67: Maszkok | D67: 3.2 | E67: Arcmaszkok | H67: LENA-MASZK | I67: LMT 26480 | J67: Lena Full (L) | K67: Engedélyezett | L67: Löwenstein | M67: 62230 | N67: egyedi eng. | O67: 44896 | P67: L | R67: Löwenstein LENA – professzionális megoldás magas terápiás nyomáshoz. Kiemelkedő stabilitás, dupla ajkú maszkpárna és integrált oxigéncsatlakozó a maximális biztonságért. | S67: A Löwenstein Medical LENA orr-száj maszkja a megbízhatóság csúcsát képviseli, különösen magas terápiás nyomás (CPAP vagy BiPAP) esetén. Ezt a maszkot úgy tervezték, hogy még a jelentős nyomáskülönbségek mellett is stabil maradjon, elkerülve a kellemetlen szivárgást. A LENA ideális választás azoknak a pácienseknek, akiknek az alvásterápia során extra tartásra és robusztus kialakításra van szükségük a hatékony kezeléshez. Szakmai érv: A LENA technológiai alapja a dupla ajkú (double-lip) maszkpárna, amely a terápiás nyomást kihasználva egyfajta légpárnát képez az arc és a szilikon között. Ez a megoldás garantálja a kiváló illeszkedést anélkül, hogy erős szorításra vagy nyomáspontok kialakítására lenne szükség. Az egyénileg állítható homloktámasz és a széles felületű homlokpárna lehetővé teszi a tartóerő precíz elosztását, így tehermentesítve az érzékeny orrnyerget. A maszk vázába integrált oxigéncsatlakozó révén külön adapter nélkül, közvetlenül adagolható kiegészítő oxigén a terápia mellé. A csendes, diffúz kilégzőrendszer és a 360 fokos gömbcsukló biztosítja a páciens mozgásszabadságát és az alvótárs nyugalmát. Főbb előnyök: - Magas nyomásra optimalizálva: Akár 35 hPa nyomásérték mellett is megőrzi stabilitását és illeszkedését. - Dupla ajkú maszkpárna: Innovatív kialakítás a szivárgásmentes és kényelmes illeszkedésért. - Állítható homloktámasz: Személyre szabott beállítási lehetőség az optimális nyomáselosztás érdekében. - Integrált oxigén-kapcsolat: Egyszerű és gyors csatlakozási lehetőség kiegészítő oxigénforráshoz. - Mágnesmentes rögzítés: Biztonsággal alkalmazható minden páciensnél, beültetett orvostechnikai eszközök (pl. pacemaker) mellett is. | U67: 4-35 hPA | W67: 150 g | X67: 175 x 100 x 100 mm | Y67: 326 ml | AI67: Méretenként | AJ67: maszkváz, a kiválasztott méretű maszkpárna, fejpánt, használati útmutató | AK67: Nem | AL67: nem | AM67: 2 év | AN67: LMT 26435; LMT 26604 | AO67: Lena fejpánt, szilikon L | AP67: hun, en, stb összevontan | AQ67: lowenstein-lena-full-face-maszk-l | AR67: Löwenstein LENA Full Face arcmaszk L méret | Alvásterápia | AS67: Nagy nyomásokhoz tervezett Löwenstein LENA orr-száj maszk L méretben. Dupla peremű maszkpárna, oxigéncsatlakozó és páratlan stabilitás CPAP terápiához. | AV67: =VLOOKUP(I67, Kiegészítő_Mátrix!C:E, 3, FALSE) -> #N/A
B68: 3. | C68: Maszkok | D68: 3.2 | E68: Arcmaszkok | H68: AMARA-FULLFACEMASZK | I68: 1090221 | J68: Amara (S) | K68: Engedélyezett | L68: Philips | M68: 72390 | N68: egyedi eng. | O68: 41640 | P68: S | Q68: profi | R68: Philips Amara – az egyszerűség és hatékonyság találkozása. Pehelykönnyű, mindössze négy alkatrészből álló orr-száj maszk a biztos illeszkedésért. | S68: A Philips Amara orr-száj maszkot úgy tervezték, hogy a lehető legegyszerűbbé tegye az alvásterápiát. Ez az egyik legkisebb és legkönnyebb hagyományos orr-száj maszk a piacon, amely minimalista kialakításával csökkenti az arcra nehezedő terhelést és a bezártság érzetét. Letisztult formavilága és átlátható felépítése miatt a páciensek egyik kedvenc választása a mindennapi terápiához. Szakmai érv: Az Amara modularitása egyedülálló: a maszk váza teljesen kompatibilis mind a szilikon, mind a gél párnákkal, és azon belül bármelyik mérettel. így a felhasználó bármikor válthat a két komfortszint között a keret cseréje nélkül. A „One-click” rendszer lehetővé teszi, hogy a maszkpárna egyetlen kattintással rögzüljön a vázhoz, ami rendkívül egyszerűvé teszi a tisztítást és az összeszerelést. A rugalmas, több fokozatban állítható homloktámasz finomhangolást tesz lehetővé, így a tartóerő optimálisan osztható el, tehermentesítve az orrnyerget és biztosítva a szivárgásmentes illeszkedést. Főbb előnyök: - Egyszerű felépítés: Mindössze 4 alkatrészből áll, így a tisztítása és karbantartása pillanatok alatt elvégezhető. - Modularitás: Rugalmasan variálható szilikon vagy gél párnákkal az egyéni igényeknek megfelelően. - Állítható homloktámasz: Finomhangolható dőlésszög a személyre szabott stabilitásért. - Könnyű súly: Kategóriájában az egyik legkönnyebb modell, ami növeli az éjszakai komfortérzetet. - Mágnesmentes kialakítás: Korlátozás nélkül használható minden páciensnél, beültetett orvostechnikai eszközök mellett is. | U68: 4-30 hPA | Y68: 231 ml | AI68: Méretenként | AJ68: maszkváz, a kiválasztott méretű maszkpárna, fejpánt, használati útmutató | AK68: Nem | AL68: nem | AM68: 2 év | AN68: 1090297; 1090292; 1090293; 1090294; 1090492; 1090493; 1090494 | AO68: Amara fejpánt, szilikonok (S, M, L) és géles párnák (S, M, L) | AP68: csak angol és egyéb nyelvek! | AQ68: philips-amara-full-face-maszk-s | AR68: Philips Amara Full Face arcmaszk S méret | Alvásterápia | AS68: Rendkívül egyszerű és könnyű Philips Amara szilikon orr-száj maszk S méretben. Mindössze 4 alkatrészből álló felépítés a gyors és egyszerű tisztításért. | AV68: =VLOOKUP(I68, Kiegészítő_Mátrix!C:E, 3, FALSE) -> #N/A
B69: 3. | C69: Maszkok | D69: 3.2 | E69: Arcmaszkok | H69: AMARA-FULLFACEMASZK | I69: 1090225 | J69: Amara (M) | K69: Engedélyezett | L69: Philips | M69: 72390 | N69: egyedi eng. | O69: 41640 | P69: M | Q69: profi | R69: Philips Amara – az egyszerűség és hatékonyság találkozása. Pehelykönnyű, mindössze négy alkatrészből álló orr-száj maszk a biztos illeszkedésért. | S69: A Philips Amara orr-száj maszkot úgy tervezték, hogy a lehető legegyszerűbbé tegye az alvásterápiát. Ez az egyik legkisebb és legkönnyebb hagyományos orr-száj maszk a piacon, amely minimalista kialakításával csökkenti az arcra nehezedő terhelést és a bezártság érzetét. Letisztult formavilága és átlátható felépítése miatt a páciensek egyik kedvenc választása a mindennapi terápiához. Szakmai érv: Az Amara modularitása egyedülálló: a maszk váza teljesen kompatibilis mind a szilikon, mind a gél párnákkal, és azon belül bármelyik mérettel. így a felhasználó bármikor válthat a két komfortszint között a keret cseréje nélkül. A „One-click” rendszer lehetővé teszi, hogy a maszkpárna egyetlen kattintással rögzüljön a vázhoz, ami rendkívül egyszerűvé teszi a tisztítást és az összeszerelést. A rugalmas, több fokozatban állítható homloktámasz finomhangolást tesz lehetővé, így a tartóerő optimálisan osztható el, tehermentesítve az orrnyerget és biztosítva a szivárgásmentes illeszkedést. Főbb előnyök: - Egyszerű felépítés: Mindössze 4 alkatrészből áll, így a tisztítása és karbantartása pillanatok alatt elvégezhető. - Modularitás: Rugalmasan variálható szilikon vagy gél párnákkal az egyéni igényeknek megfelelően. - Állítható homloktámasz: Finomhangolható dőlésszög a személyre szabott stabilitásért. - Könnyű súly: Kategóriájában az egyik legkönnyebb modell, ami növeli az éjszakai komfortérzetet. - Mágnesmentes kialakítás: Korlátozás nélkül használható minden páciensnél, beültetett orvostechnikai eszközök mellett is. | U69: 4-30 hPA | Y69: 242 ml | AI69: Méretenként | AJ69: maszkváz, a kiválasztott méretű maszkpárna, fejpánt, használati útmutató | AK69: Nem | AL69: nem | AM69: 2 év | AN69: 1090297; 1090292; 1090293; 1090294; 1090492; 1090493; 1090494 | AO69: Amara fejpánt, szilikonok (S, M, L) és géles párnák (S, M, L) | AP69: csak angol és egyéb nyelvek! | AQ69: philips-amara-full-face-maszk-m | AR69: Philips Amara Full Face arcmaszk M méret | Alvásterápia | AS69: Rendkívül egyszerű és könnyű Philips Amara szilikon orr-száj maszk M méretben. Mindössze 4 alkatrészből álló felépítés a gyors és egyszerű tisztításért. | AV69: =VLOOKUP(I69, Kiegészítő_Mátrix!C:E, 3, FALSE) -> #N/A
B70: 3. | C70: Maszkok | D70: 3.2 | E70: Arcmaszkok | H70: AMARA-FULLFACEMASZK | I70: 1090228 | J70: Amara (L) | K70: Engedélyezett | L70: Philips | M70: 72390 | N70: egyedi eng. | O70: 41640 | P70: L | Q70: profi | R70: Philips Amara – az egyszerűség és hatékonyság találkozása. Pehelykönnyű, mindössze négy alkatrészből álló orr-száj maszk a biztos illeszkedésért. | S70: A Philips Amara orr-száj maszkot úgy tervezték, hogy a lehető legegyszerűbbé tegye az alvásterápiát. Ez az egyik legkisebb és legkönnyebb hagyományos orr-száj maszk a piacon, amely minimalista kialakításával csökkenti az arcra nehezedő terhelést és a bezártság érzetét. Letisztult formavilága és átlátható felépítése miatt a páciensek egyik kedvenc választása a mindennapi terápiához. Szakmai érv: Az Amara modularitása egyedülálló: a maszk váza teljesen kompatibilis mind a szilikon, mind a gél párnákkal, és azon belül bármelyik mérettel. így a felhasználó bármikor válthat a két komfortszint között a keret cseréje nélkül. A „One-click” rendszer lehetővé teszi, hogy a maszkpárna egyetlen kattintással rögzüljön a vázhoz, ami rendkívül egyszerűvé teszi a tisztítást és az összeszerelést. A rugalmas, több fokozatban állítható homloktámasz finomhangolást tesz lehetővé, így a tartóerő optimálisan osztható el, tehermentesítve az orrnyerget és biztosítva a szivárgásmentes illeszkedést. Főbb előnyök: - Egyszerű felépítés: Mindössze 4 alkatrészből áll, így a tisztítása és karbantartása pillanatok alatt elvégezhető. - Modularitás: Rugalmasan variálható szilikon vagy gél párnákkal az egyéni igényeknek megfelelően. - Állítható homloktámasz: Finomhangolható dőlésszög a személyre szabott stabilitásért. - Könnyű súly: Kategóriájában az egyik legkönnyebb modell, ami növeli az éjszakai komfortérzetet. - Mágnesmentes kialakítás: Korlátozás nélkül használható minden páciensnél, beültetett orvostechnikai eszközök mellett is. | U70: 4-30 hPA | Y70: 253 ml | AI70: Méretenként | AJ70: maszkváz, a kiválasztott méretű maszkpárna, fejpánt, használati útmutató | AK70: Nem | AL70: nem | AM70: 2 év | AN70: 1090297; 1090292; 1090293; 1090294; 1090492; 1090493; 1090494 | AO70: Amara fejpánt, szilikonok (S, M, L) és géles párnák (S, M, L) | AP70: csak angol és egyéb nyelvek! | AQ70: philips-amara-full-face-maszk-l | AR70: Philips Amara Full Face arcmaszk L méret | Alvásterápia | AS70: Rendkívül egyszerű és könnyű Philips Amara szilikon orr-száj maszk L méretben. Mindössze 4 alkatrészből álló felépítés a gyors és egyszerű tisztításért. | AV70: =VLOOKUP(I70, Kiegészítő_Mátrix!C:E, 3, FALSE) -> #N/A
B71: 3. | C71: Maszkok | D71: 3.2 | E71: Arcmaszkok | H71: AMARAGEL-FULLFACEMASZK | I71: 1090421 | J71: Amara Gel (S) | K71: Engedélyezett | L71: Philips | M71: 76200 | N71: egyedi eng. | O71: 42370 | P71: S | Q71: profi | R71: Philips Amara Gel – a hűsítő kényelem és stabilitás záloga. Géltechnológiás orr-száj maszk, amely lágyan, mégis magabiztosan követi az arc vonalait. | S71: A Philips Amara Gel az Amara maszkcsalád prémium tagja, amely a Philips által kifejlesztett egyedülálló géltechnológiát ötvözi a már bizonyított, könnyű vázszerkezettel. Ezt a maszkot azoknak a pácienseknek tervezték, akik az orr-száj maszkok stabilitása mellett extra kényelemre és lágyabb érintkezésre vágynak. A kék gélpárna hűsítő érzete és rugalmassága segít abban, hogy a terápia még az érzékenyebb bőrű felhasználók számára is pihentető legyen. Szakmai érv: A maszk legfőbb előnye a technológiai modularitás és a gélpárna adaptív képessége. A gél anyag természetéből adódóan jobban idomul az egyéni arcformához, mint a hagyományos szilikon, így kiváló illeszkedést biztosít alacsonyabb szorítóerő mellett is. Az Amara univerzális vázrendszere lehetővé teszi, hogy ugyanabba a keretbe szilikon vagy gél párnát is illesszünk, így a páciens rugalmasan választhat a két komfortszint között. A „One-click” rendszernek köszönhetően a párna rögzítése és tisztítása rendkívül egyszerű, a finomhangolható homloktámasz pedig biztosítja a nyomás optimális elosztását az orrnyergen és a homlokon. Főbb előn - Géltechnológiás komfort: Puha, hűsítő és adaptív párna, amely minimalizálja az arcbőr irritációját. Univerzális váz: Teljes kompatibilitás a szilikon és gél párnákkal egyaránt (a keret azonos). - Precíz homloktámasz-állítás: Finomhangolható dőlésszög a személyre szabott stabilitásért és a tehermentesített orrnyeregért. - „One-click” kialakítás: Gyors és egyszerű szét- és összeszerelés a napi karbantartáshoz. - Mágnesmentes rögzítés: Biztonsággal alkalmazható minden páciensnél, beültetett orvostechnikai eszközök (pl. pacemaker) mellett is. | U71: 4-30 hPA | AI71: Méretenként | AJ71: maszkváz, a kiválasztott méretű maszkpárna, fejpánt, használati útmutató | AK71: Nem | AL71: nem | AM71: 2 év | AN71: 1090297; 1090292; 1090293; 1090294; 1090492; 1090493; 1090494 | AO71: Amara fejpánt, szilikonok (S, M, L) és géles párnák (S, M, L) | AP71: ?nincs? | AQ71: philips-amara-gel-full-face-maszk-s | AR71: Philips Amara Gel arcmaszk S méret | Alvásterápia | AS71: Prémium kényelmű Philips Amara Gel orr-száj maszk S méretben. Lágy zselés maszkpárna a minimális nyomáspontokért és az irritációmentes alvásterápiáért. | AV71: =VLOOKUP(I71, Kiegészítő_Mátrix!C:E, 3, FALSE) -> #N/A
B72: 3. | C72: Maszkok | D72: 3.2 | E72: Arcmaszkok | H72: AMARAGEL-FULLFACEMASZK | I72: 1090425 | J72: Amara Gel (M) | K72: Engedélyezett | L72: Philips | M72: 76200 | N72: egyedi eng. | O72: 42370 | P72: M | Q72: profi | R72: Philips Amara Gel – a hűsítő kényelem és stabilitás záloga. Géltechnológiás orr-száj maszk, amely lágyan, mégis magabiztosan követi az arc vonalait. | S72: A Philips Amara Gel az Amara maszkcsalád prémium tagja, amely a Philips által kifejlesztett egyedülálló géltechnológiát ötvözi a már bizonyított, könnyű vázszerkezettel. Ezt a maszkot azoknak a pácienseknek tervezték, akik az orr-száj maszkok stabilitása mellett extra kényelemre és lágyabb érintkezésre vágynak. A kék gélpárna hűsítő érzete és rugalmassága segít abban, hogy a terápia még az érzékenyebb bőrű felhasználók számára is pihentető legyen. Szakmai érv: A maszk legfőbb előnye a technológiai modularitás és a gélpárna adaptív képessége. A gél anyag természetéből adódóan jobban idomul az egyéni arcformához, mint a hagyományos szilikon, így kiváló illeszkedést biztosít alacsonyabb szorítóerő mellett is. Az Amara univerzális vázrendszere lehetővé teszi, hogy ugyanabba a keretbe szilikon vagy gél párnát is illesszünk, így a páciens rugalmasan választhat a két komfortszint között. A „One-click” rendszernek köszönhetően a párna rögzítése és tisztítása rendkívül egyszerű, a finomhangolható homloktámasz pedig biztosítja a nyomás optimális elosztását az orrnyergen és a homlokon. Főbb előn - Géltechnológiás komfort: Puha, hűsítő és adaptív párna, amely minimalizálja az arcbőr irritációját. Univerzális váz: Teljes kompatibilitás a szilikon és gél párnákkal egyaránt (a keret azonos). - Precíz homloktámasz-állítás: Finomhangolható dőlésszög a személyre szabott stabilitásért és a tehermentesített orrnyeregért. - „One-click” kialakítás: Gyors és egyszerű szét- és összeszerelés a napi karbantartáshoz. - Mágnesmentes rögzítés: Biztonsággal alkalmazható minden páciensnél, beültetett orvostechnikai eszközök (pl. pacemaker) mellett is. | U72: 4-30 hPA | AI72: Méretenként | AJ72: maszkváz, a kiválasztott méretű maszkpárna, fejpánt, használati útmutató | AK72: Nem | AL72: nem | AM72: 2 év | AN72: 1090297; 1090292; 1090293; 1090294; 1090492; 1090493; 1090494 | AO72: Amara fejpánt, szilikonok (S, M, L) és géles párnák (S, M, L) | AP72: ?nincs? | AQ72: philips-amara-gel-full-face-maszk-m | AR72: Philips Amara Gel arcmaszk M méret | Alvásterápia | AS72: Prémium kényelmű Philips Amara Gel orr-száj maszk M méretben. Lágy zselés maszkpárna a minimális nyomáspontokért és az irritációmentes alvásterápiáért. | AV72: =VLOOKUP(I72, Kiegészítő_Mátrix!C:E, 3, FALSE) -> #N/A
B73: 3. | C73: Maszkok | D73: 3.2 | E73: Arcmaszkok | H73: AMARAGEL-FULLFACEMASZK | I73: 1090426 | J73: Amara Gel (L) | K73: Engedélyezett | L73: Philips | M73: 76200 | N73: egyedi eng. | O73: 42370 | P73: L | Q73: profi | R73: Philips Amara Gel – a hűsítő kényelem és stabilitás záloga. Géltechnológiás orr-száj maszk, amely lágyan, mégis magabiztosan követi az arc vonalait. | S73: A Philips Amara Gel az Amara maszkcsalád prémium tagja, amely a Philips által kifejlesztett egyedülálló géltechnológiát ötvözi a már bizonyított, könnyű vázszerkezettel. Ezt a maszkot azoknak a pácienseknek tervezték, akik az orr-száj maszkok stabilitása mellett extra kényelemre és lágyabb érintkezésre vágynak. A kék gélpárna hűsítő érzete és rugalmassága segít abban, hogy a terápia még az érzékenyebb bőrű felhasználók számára is pihentető legyen. Szakmai érv: A maszk legfőbb előnye a technológiai modularitás és a gélpárna adaptív képessége. A gél anyag természetéből adódóan jobban idomul az egyéni arcformához, mint a hagyományos szilikon, így kiváló illeszkedést biztosít alacsonyabb szorítóerő mellett is. Az Amara univerzális vázrendszere lehetővé teszi, hogy ugyanabba a keretbe szilikon vagy gél párnát is illesszünk, így a páciens rugalmasan választhat a két komfortszint között. A „One-click” rendszernek köszönhetően a párna rögzítése és tisztítása rendkívül egyszerű, a finomhangolható homloktámasz pedig biztosítja a nyomás optimális elosztását az orrnyergen és a homlokon. Főbb előn - Géltechnológiás komfort: Puha, hűsítő és adaptív párna, amely minimalizálja az arcbőr irritációját. Univerzális váz: Teljes kompatibilitás a szilikon és gél párnákkal egyaránt (a keret azonos). - Precíz homloktámasz-állítás: Finomhangolható dőlésszög a személyre szabott stabilitásért és a tehermentesített orrnyeregért. - „One-click” kialakítás: Gyors és egyszerű szét- és összeszerelés a napi karbantartáshoz. - Mágnesmentes rögzítés: Biztonsággal alkalmazható minden páciensnél, beültetett orvostechnikai eszközök (pl. pacemaker) mellett is. | U73: 4-30 hPA | AI73: Méretenként | AJ73: maszkváz, a kiválasztott méretű maszkpárna, fejpánt, használati útmutató | AK73: Nem | AL73: nem | AM73: 2 év | AN73: 1090297; 1090292; 1090293; 1090294; 1090492; 1090493; 1090494 | AO73: Amara fejpánt, szilikonok (S, M, L) és géles párnák (S, M, L) | AP73: ?nincs? | AQ73: philips-amara-gel-full-face-maszk-l | AR73: Philips Amara Gel arcmaszk L méret | Alvásterápia | AS73: Prémium kényelmű Philips Amara Gel orr-száj maszk L méretben. Lágy zselés maszkpárna a minimális nyomáspontokért és az irritációmentes alvásterápiáért. | AV73: =VLOOKUP(I73, Kiegészítő_Mátrix!C:E, 3, FALSE) -> #N/A
B74: 3. | C74: Maszkok | D74: 3.2 | E74: Arcmaszkok | H74: AMARAVIEW-FULLFACEMASZK | I74: 1090662 | J74: Amara View (S) | K74: Engedélyezett | L74: Philips | M74: 76200 | N74: egyedi eng. | O74: 42491 | P74: S | Q74: profi | R74: Philips Amara View – a legkisebb és legdiszkrétebb hagyományos orr-száj maszk. Orr alatti (under-the-nose) kialakítás, amely teljesen szabad látóteret biztosít és megelőzi az orrnyereg irritációját. | S74: Az Amara View forradalmasítja az orr-száj maszkok viselését: ez a piacon elérhető egyik legkisebb és legkönnyebb modell, amely egyáltalán nem érintkezik az orrnyereggel. Az innovatív „orr alatti” (under-the-nose) technológiának köszönhetően a maszkpárna az orrnyílások alatt tömít, így teljesen megszűnik a szem környéki nyomás és a látómező korlátozottsága. Tökéletes választás azoknak, akik szemüveget viselnek, olvasni vagy tévézni szeretnének elalvás előtt, mivel a maszk az arc jelentős részét szabadon hagyja. Szakmai érv: Az Amara View különlegessége az integrált orrnyílás-kialakításban rejlik: a maszkpárna alulról támaszkodik az orrnak, így nem dörzsöli az orrnyerget, ami az orr-száj maszkoknál a leggyakoribb panaszforrás. A váz és a párna rendkívül stabilan tart, köszönhetően a négypontos fejpánt-rögzítésnek és az elöl elhelyezkedő, 360 fokban elforduló könyökidomnak. Mivel nincsenek az arc előtt zavaró vázelemek vagy homloktámasz, a páciens nem érzi magát bezárva, ami jelentősen javítja a terápiás hajlandóságot és a komfortérzetet. Főbb előnyök: - Orr alatti (under-the-nose) kialakítás: Megszünteti az orrnyereg irritációját és a nyomáspontok kialakulását. - Teljesen szabad látótér: Nincs keret az orr előtt vagy a homlokon, így zavartalanul lehet szemüveget viselni vagy olvasni. - Kompakt és könnyű: Minimalista felépítés, amely alig észrevehető az arcon és csökkenti a bezártság érzetét. - Egyszerű kezelhetőség: Egyetlen univerzális keret, amelyhez három különböző méretű párna (S, M, L) választható. - Mágneses rögzítőkapcsok: Gyors és egyszerű felhelyezést tesznek lehetővé, megkönnyítve a napi rutint. FONTOS: A mágneses záródás miatt pacemakerrel vagy egyéb mágnesre érzékeny orvosi implantátummal rendelkezők számára a maszk használata előtt orvosi konzultáció szükséges! | U74: 4-30 hPA | Y74: 150,4 ml | AI74: Méretenként | AJ74: maszkváz, a kiválasztott méretű maszkpárna, fejpánt, használati útmutató | AK74: Igen | AL74: nem | AM74: 2 év | AN74: 1090697; 1090692; 1090693; 1090694 | AO74: Amara View fejpánt, szilikonok (S, M, L) | AP74: csak angol és egyéb nyelvek! | AQ74: philips-amara-view-full-face-maszk-s | AR74: Philips Amara View orr alatti arcmaszk S | Alvásterápia | AS74: Minimál dizájnú Philips Amara View orr-száj maszk S méretben. Orr alatti párna az orrnyereg tehermentesítéséért és a teljesen szabad látómezőért. | AT74: angol | AV74: =VLOOKUP(I74, Kiegészítő_Mátrix!C:E, 3, FALSE) -> #N/A
B75: 3. | C75: Maszkok | D75: 3.2 | E75: Arcmaszkok | H75: AMARAVIEW-FULLFACEMASZK | I75: 1090663 | J75: Amara View (M) | K75: Engedélyezett | L75: Philips | M75: 76200 | N75: egyedi eng. | O75: 42491 | P75: M | Q75: profi | R75: Philips Amara View – a legkisebb és legdiszkrétebb hagyományos orr-száj maszk. Orr alatti (under-the-nose) kialakítás, amely teljesen szabad látóteret biztosít és megelőzi az orrnyereg irritációját. | S75: Az Amara View forradalmasítja az orr-száj maszkok viselését: ez a piacon elérhető egyik legkisebb és legkönnyebb modell, amely egyáltalán nem érintkezik az orrnyereggel. Az innovatív „orr alatti” (under-the-nose) technológiának köszönhetően a maszkpárna az orrnyílások alatt tömít, így teljesen megszűnik a szem környéki nyomás és a látómező korlátozottsága. Tökéletes választás azoknak, akik szemüveget viselnek, olvasni vagy tévézni szeretnének elalvás előtt, mivel a maszk az arc jelentős részét szabadon hagyja. Szakmai érv: Az Amara View különlegessége az integrált orrnyílás-kialakításban rejlik: a maszkpárna alulról támaszkodik az orrnak, így nem dörzsöli az orrnyerget, ami az orr-száj maszkoknál a leggyakoribb panaszforrás. A váz és a párna rendkívül stabilan tart, köszönhetően a négypontos fejpánt-rögzítésnek és az elöl elhelyezkedő, 360 fokban elforduló könyökidomnak. Mivel nincsenek az arc előtt zavaró vázelemek vagy homloktámasz, a páciens nem érzi magát bezárva, ami jelentősen javítja a terápiás hajlandóságot és a komfortérzetet. Főbb előnyök: - Orr alatti (under-the-nose) kialakítás: Megszünteti az orrnyereg irritációját és a nyomáspontok kialakulását. - Teljesen szabad látótér: Nincs keret az orr előtt vagy a homlokon, így zavartalanul lehet szemüveget viselni vagy olvasni. - Kompakt és könnyű: Minimalista felépítés, amely alig észrevehető az arcon és csökkenti a bezártság érzetét. - Egyszerű kezelhetőség: Egyetlen univerzális keret, amelyhez három különböző méretű párna (S, M, L) választható. - Mágneses rögzítőkapcsok: Gyors és egyszerű felhelyezést tesznek lehetővé, megkönnyítve a napi rutint. FONTOS: A mágneses záródás miatt pacemakerrel vagy egyéb mágnesre érzékeny orvosi implantátummal rendelkezők számára a maszk használata előtt orvosi konzultáció szükséges! | U75: 4-30 hPA | Y75: 148,8 ml | AI75: Méretenként | AJ75: maszkváz, a kiválasztott méretű maszkpárna, fejpánt, használati útmutató | AK75: Igen | AL75: nem | AM75: 2 év | AN75: 1090697; 1090692; 1090693; 1090694 | AO75: Amara View fejpánt, szilikonok (S, M, L) | AP75: csak angol és egyéb nyelvek! | AQ75: philips-amara-view-full-face-maszk-m | AR75: Philips Amara View orr alatti arcmaszk M | Alvásterápia | AS75: Minimál dizájnú Philips Amara View orr-száj maszk M méretben. Orr alatti párna az orrnyereg tehermentesítéséért és a teljesen szabad látómezőért. | AV75: =VLOOKUP(I75, Kiegészítő_Mátrix!C:E, 3, FALSE) -> #N/A
B76: 3. | C76: Maszkok | D76: 3.2 | E76: Arcmaszkok | H76: AMARAVIEW-FULLFACEMASZK | I76: 1090664 | J76: Amara View (L) | K76: Engedélyezett | L76: Philips | M76: 76200 | N76: egyedi eng. | O76: 42491 | P76: L | Q76: profi | R76: Philips Amara View – a legkisebb és legdiszkrétebb hagyományos orr-száj maszk. Orr alatti (under-the-nose) kialakítás, amely teljesen szabad látóteret biztosít és megelőzi az orrnyereg irritációját. | S76: Az Amara View forradalmasítja az orr-száj maszkok viselését: ez a piacon elérhető egyik legkisebb és legkönnyebb modell, amely egyáltalán nem érintkezik az orrnyereggel. Az innovatív „orr alatti” (under-the-nose) technológiának köszönhetően a maszkpárna az orrnyílások alatt tömít, így teljesen megszűnik a szem környéki nyomás és a látómező korlátozottsága. Tökéletes választás azoknak, akik szemüveget viselnek, olvasni vagy tévézni szeretnének elalvás előtt, mivel a maszk az arc jelentős részét szabadon hagyja. Szakmai érv: Az Amara View különlegessége az integrált orrnyílás-kialakításban rejlik: a maszkpárna alulról támaszkodik az orrnak, így nem dörzsöli az orrnyerget, ami az orr-száj maszkoknál a leggyakoribb panaszforrás. A váz és a párna rendkívül stabilan tart, köszönhetően a négypontos fejpánt-rögzítésnek és az elöl elhelyezkedő, 360 fokban elforduló könyökidomnak. Mivel nincsenek az arc előtt zavaró vázelemek vagy homloktámasz, a páciens nem érzi magát bezárva, ami jelentősen javítja a terápiás hajlandóságot és a komfortérzetet. Főbb előnyök: - Orr alatti (under-the-nose) kialakítás: Megszünteti az orrnyereg irritációját és a nyomáspontok kialakulását. - Teljesen szabad látótér: Nincs keret az orr előtt vagy a homlokon, így zavartalanul lehet szemüveget viselni vagy olvasni. - Kompakt és könnyű: Minimalista felépítés, amely alig észrevehető az arcon és csökkenti a bezártság érzetét. - Egyszerű kezelhetőség: Egyetlen univerzális keret, amelyhez három különböző méretű párna (S, M, L) választható. - Mágneses rögzítőkapcsok: Gyors és egyszerű felhelyezést tesznek lehetővé, megkönnyítve a napi rutint. FONTOS: A mágneses záródás miatt pacemakerrel vagy egyéb mágnesre érzékeny orvosi implantátummal rendelkezők számára a maszk használata előtt orvosi konzultáció szükséges! | U76: 4-30 hPA | Y76: 167,8 ml | AI76: Méretenként | AJ76: maszkváz, a kiválasztott méretű maszkpárna, fejpánt, használati útmutató | AK76: Igen | AL76: nem | AM76: 2 év | AN76: 1090697; 1090692; 1090693; 1090694 | AO76: Amara View fejpánt, szilikonok (S, M, L) | AP76: csak angol és egyéb nyelvek! | AQ76: philips-amara-view-full-face-maszk-l | AR76: Philips Amara View orr alatti arcmaszk L | Alvásterápia | AS76: Minimál dizájnú Philips Amara View orr-száj maszk L méretben. Orr alatti párna az orrnyereg tehermentesítéséért és a teljesen szabad látómezőért. | AV76: =VLOOKUP(I76, Kiegészítő_Mátrix!C:E, 3, FALSE) -> #N/A
B77: 3. | C77: Maszkok | D77: 3.2 | E77: Arcmaszkok | H77: DREAMWEAR-FULLFACEMASZK | I77: 1133370 | J77: DreamWear Full (S) | K77: Engedélyezett | L77: Philips | M77: 72390 | N77: egyedi eng. | O77: 43466 | P77: S | Q77: profi | R77: Philips DreamWear Full Face – a mozgás szabadsága kompromisszumok nélkül. Orr alatti kialakítás és fejtetőn elhelyezett csőcsatlakozás a legtermészetesebb alvásélményért. | S77: A DreamWear Full Face az orr-száj maszkok új generációját képviseli, amely egyesíti a teljes arcmaszkok biztonságát az orrillesztékes maszkok szabadságával. Egyedülálló, puha szilikon váza a levegőt a kereten keresztül vezeti a maszkpárnához, így a gégecső nem az arc előtt, hanem a fejtetőn csatlakozik. Ez a forradalmi kialakítás lehetővé teszi, hogy a páciens bármilyen pozícióban – akár hason vagy oldalt is – kényelmesen aludjon, miközben az orr alatti párna védi az orrnyerget az irritációtól. Szakmai érv: A DreamWear Full Face legfőbb technológiai előnye a fejtetőn elhelyezett csőcsatlakozás és az üreges vázszerkezet. Ez a megoldás távol tartja a csövet az arctól, minimálisra csökkentve a gégecső húzóerejéből adódó elmozdulásokat. Az „under-the-nose” párna az orrnyílások alatt és a száj körül tömít, így homloktámasz és orrnyereg-érintkezés nélkül is stabil marad magas nyomás mellett is. A maszk rendkívül kevés érintkezési ponttal rendelkezik, ami drasztikusan csökkenti a bőrirritáció és a klausztrofóbiás érzés esélyét. Főbb előnyök: - Fejtetőn elhelyezett csatlakozás: Maximális mozgásszabadság, a cső nem zavarja az alvást és nem lóg az arc előtt. - Orr alatti (under-the-nose) párna: Megakadályozza a pirosságot és a sebek kialakulását az orrnyergen. - Innovatív légvezető váz: Puha, bőrbarát szilikon keret, amelyen keresztül áramlik a levegő. - Mágneses rögzítőkapcsok: Egyszerű és stabil rögzítés, amely megkönnyíti a napi használatot. FIGYELEM: A rögzítőkapcsok mágneseket tartalmaznak, amelyek befolyásolhatják a pacemakerek vagy egyéb beültetett eszközök működését! Használat előtt kérje ki kezelőorvosa véleményét. | U77: 4-30 hPA | Y77: Közepes (MED) vázzal: 179,3 ml | AI77: Méretenként | AJ77: maszkváz, a kiválasztott méretű maszkpárna, fejpánt, használati útmutató | AK77: Igen | AL77: nem | AM77: 2 év | AN77: 1133450; 1133430; 1133431; 1133432; 1133433; 1116744; 1116745; 1116747; 1116748; 1133454 | AO77: DreamWear FF fejpánt, szilikonok (S, M, L, MW), DW váz (Med, S/M, L), kilégző adapter, mágneses csat a fejpánthoz | AP77: hun, en, stb összevontan | AQ77: philips-dreamwear-full-face-maszk-s | AR77: Philips DreamWear Full Face arcmaszk S | Alvásterápia | AS77: Kiemelkedő mozgásszabadságot nyújtó Philips DreamWear orr-száj maszk S méretben. Fejtetői csőcsatlakozás és nyomásmentes orr alatti szilikonpárna. | AV77: =VLOOKUP(I77, Kiegészítő_Mátrix!C:E, 3, FALSE) -> #N/A
B78: 3. | C78: Maszkok | D78: 3.2 | E78: Arcmaszkok | H78: DREAMWEAR-FULLFACEMASZK | I78: 1133371 | J78: DreamWear Full (M) | K78: Engedélyezett | L78: Philips | M78: 72390 | N78: egyedi eng. | O78: 43466 | P78: M | R78: Philips DreamWear Full Face – a mozgás szabadsága kompromisszumok nélkül. Orr alatti kialakítás és fejtetőn elhelyezett csőcsatlakozás a legtermészetesebb alvásélményért. | S78: A DreamWear Full Face az orr-száj maszkok új generációját képviseli, amely egyesíti a teljes arcmaszkok biztonságát az orrillesztékes maszkok szabadságával. Egyedülálló, puha szilikon váza a levegőt a kereten keresztül vezeti a maszkpárnához, így a gégecső nem az arc előtt, hanem a fejtetőn csatlakozik. Ez a forradalmi kialakítás lehetővé teszi, hogy a páciens bármilyen pozícióban – akár hason vagy oldalt is – kényelmesen aludjon, miközben az orr alatti párna védi az orrnyerget az irritációtól. Szakmai érv: A DreamWear Full Face legfőbb technológiai előnye a fejtetőn elhelyezett csőcsatlakozás és az üreges vázszerkezet. Ez a megoldás távol tartja a csövet az arctól, minimálisra csökkentve a gégecső húzóerejéből adódó elmozdulásokat. Az „under-the-nose” párna az orrnyílások alatt és a száj körül tömít, így homloktámasz és orrnyereg-érintkezés nélkül is stabil marad magas nyomás mellett is. A maszk rendkívül kevés érintkezési ponttal rendelkezik, ami drasztikusan csökkenti a bőrirritáció és a klausztrofóbiás érzés esélyét. Főbb előnyök: - Fejtetőn elhelyezett csatlakozás: Maximális mozgásszabadság, a cső nem zavarja az alvást és nem lóg az arc előtt. - Orr alatti (under-the-nose) párna: Megakadályozza a pirosságot és a sebek kialakulását az orrnyergen. - Innovatív légvezető váz: Puha, bőrbarát szilikon keret, amelyen keresztül áramlik a levegő. - Mágneses rögzítőkapcsok: Egyszerű és stabil rögzítés, amely megkönnyíti a napi használatot. FIGYELEM: A rögzítőkapcsok mágneseket tartalmaznak, amelyek befolyásolhatják a pacemakerek vagy egyéb beültetett eszközök működését! Használat előtt kérje ki kezelőorvosa véleményét. | U78: 4-30 hPA | Y78: Közepes (MED) vázzal: 185,7 ml | AI78: Méretenként | AJ78: maszkváz, a kiválasztott méretű maszkpárna, fejpánt, használati útmutató | AK78: Igen | AL78: Nem | AM78: 2 év | AN78: 1133450; 1133430; 1133431; 1133432; 1133433; 1116744; 1116745; 1116747; 1116748; 1133454 | AO78: DreamWear FF fejpánt, szilikonok (S, M, L, MW), DW váz (Med, S/M, L), kilégző adapter, mágneses csat a fejpánthoz | AP78: hun, en, stb összevontan | AQ78: philips-dreamwear-full-face-maszk-m | AR78: Philips DreamWear Full Face arcmaszk M | Alvásterápia | AS78: Kiemelkedő mozgásszabadságot nyújtó Philips DreamWear orr-száj maszk M méretben. Fejtetői csőcsatlakozás és nyomásmentes orr alatti szilikonpárna. | AV78: =VLOOKUP(I78, Kiegészítő_Mátrix!C:E, 3, FALSE) -> #N/A
B79: 3. | C79: Maszkok | D79: 3.2 | E79: Arcmaszkok | H79: DREAMWEAR-FULLFACEMASZK | I79: 1133372 | J79: DreamWear Full (L) | K79: Engedélyezett | L79: Philips | M79: 72390 | N79: egyedi eng. | O79: 43466 | P79: L | Q79: profi | R79: Philips DreamWear Full Face – a mozgás szabadsága kompromisszumok nélkül. Orr alatti kialakítás és fejtetőn elhelyezett csőcsatlakozás a legtermészetesebb alvásélményért. | S79: A DreamWear Full Face az orr-száj maszkok új generációját képviseli, amely egyesíti a teljes arcmaszkok biztonságát az orrillesztékes maszkok szabadságával. Egyedülálló, puha szilikon váza a levegőt a kereten keresztül vezeti a maszkpárnához, így a gégecső nem az arc előtt, hanem a fejtetőn csatlakozik. Ez a forradalmi kialakítás lehetővé teszi, hogy a páciens bármilyen pozícióban – akár hason vagy oldalt is – kényelmesen aludjon, miközben az orr alatti párna védi az orrnyerget az irritációtól. Szakmai érv: A DreamWear Full Face legfőbb technológiai előnye a fejtetőn elhelyezett csőcsatlakozás és az üreges vázszerkezet. Ez a megoldás távol tartja a csövet az arctól, minimálisra csökkentve a gégecső húzóerejéből adódó elmozdulásokat. Az „under-the-nose” párna az orrnyílások alatt és a száj körül tömít, így homloktámasz és orrnyereg-érintkezés nélkül is stabil marad magas nyomás mellett is. A maszk rendkívül kevés érintkezési ponttal rendelkezik, ami drasztikusan csökkenti a bőrirritáció és a klausztrofóbiás érzés esélyét. Főbb előnyök: - Fejtetőn elhelyezett csatlakozás: Maximális mozgásszabadság, a cső nem zavarja az alvást és nem lóg az arc előtt. - Orr alatti (under-the-nose) párna: Megakadályozza a pirosságot és a sebek kialakulását az orrnyergen. - Innovatív légvezető váz: Puha, bőrbarát szilikon keret, amelyen keresztül áramlik a levegő. - Mágneses rögzítőkapcsok: Egyszerű és stabil rögzítés, amely megkönnyíti a napi használatot. FIGYELEM: A rögzítőkapcsok mágneseket tartalmaznak, amelyek befolyásolhatják a pacemakerek vagy egyéb beültetett eszközök működését! Használat előtt kérje ki kezelőorvosa véleményét. | U79: 4-30 hPA | Y79: Közepes (MED) vázzal: 204,3 ml | AI79: Méretenként | AJ79: maszkváz, a kiválasztott méretű maszkpárna, fejpánt, használati útmutató | AK79: Igen | AL79: Nem | AM79: 2 év | AN79: 1133450; 1133430; 1133431; 1133432; 1133433; 1116744; 1116745; 1116747; 1116748; 1133454 | AO79: DreamWear FF fejpánt, szilikonok (S, M, L, MW), DW váz (Med, S/M, L), kilégző adapter, mágneses csat a fejpánthoz | AP79: hun, en, stb összevontan | AQ79: philips-dreamwear-full-face-maszk-l | AR79: Philips DreamWear Full Face arcmaszk L | Alvásterápia | AS79: Kiemelkedő mozgásszabadságot nyújtó Philips DreamWear orr-száj maszk L méretben. Fejtetői csőcsatlakozás és nyomásmentes orr alatti szilikonpárna. | AV79: =VLOOKUP(I79, Kiegészítő_Mátrix!C:E, 3, FALSE) -> #N/A
B80: 3. | C80: Maszkok | D80: 3.2 | E80: Arcmaszkok | H80: DREAMWEAR-FULLFACEMASZK | I80: 1133373 | J80: DreamWear Full (MW - medium-wide) | K80: Engedélyezett | L80: Philips | M80: 72390 | N80: egyedi eng. | O80: 43466 | P80: MW | R80: Philips DreamWear Full Face – a mozgás szabadsága kompromisszumok nélkül. Orr alatti kialakítás és fejtetőn elhelyezett csőcsatlakozás a legtermészetesebb alvásélményért. | S80: A DreamWear Full Face az orr-száj maszkok új generációját képviseli, amely egyesíti a teljes arcmaszkok biztonságát az orrillesztékes maszkok szabadságával. Egyedülálló, puha szilikon váza a levegőt a kereten keresztül vezeti a maszkpárnához, így a gégecső nem az arc előtt, hanem a fejtetőn csatlakozik. Ez a forradalmi kialakítás lehetővé teszi, hogy a páciens bármilyen pozícióban – akár hason vagy oldalt is – kényelmesen aludjon, miközben az orr alatti párna védi az orrnyerget az irritációtól. Szakmai érv: A DreamWear Full Face legfőbb technológiai előnye a fejtetőn elhelyezett csőcsatlakozás és az üreges vázszerkezet. Ez a megoldás távol tartja a csövet az arctól, minimálisra csökkentve a gégecső húzóerejéből adódó elmozdulásokat. Az „under-the-nose” párna az orrnyílások alatt és a száj körül tömít, így homloktámasz és orrnyereg-érintkezés nélkül is stabil marad magas nyomás mellett is. A maszk rendkívül kevés érintkezési ponttal rendelkezik, ami drasztikusan csökkenti a bőrirritáció és a klausztrofóbiás érzés esélyét. Főbb előnyök: - Fejtetőn elhelyezett csatlakozás: Maximális mozgásszabadság, a cső nem zavarja az alvást és nem lóg az arc előtt. - Orr alatti (under-the-nose) párna: Megakadályozza a pirosságot és a sebek kialakulását az orrnyergen. - Innovatív légvezető váz: Puha, bőrbarát szilikon keret, amelyen keresztül áramlik a levegő. - Mágneses rögzítőkapcsok: Egyszerű és stabil rögzítés, amely megkönnyíti a napi használatot. FIGYELEM: A rögzítőkapcsok mágneseket tartalmaznak, amelyek befolyásolhatják a pacemakerek vagy egyéb beültetett eszközök működését! Használat előtt kérje ki kezelőorvosa véleményét. | U80: 4-30 hPA | Y80: Közepes (MED) vázzal: 188,2 ml | AI80: Méretenként | AJ80: maszkváz, a kiválasztott méretű maszkpárna, fejpánt, használati útmutató | AK80: Igen | AL80: Nem | AM80: 2 év | AN80: 1133450; 1133430; 1133431; 1133432; 1133433; 1116744; 1116745; 1116747; 1116748; 1133454 | AO80: DreamWear FF fejpánt, szilikonok (S, M, L, MW), DW váz (Med, S/M, L), kilégző adapter, mágneses csat a fejpánthoz | AP80: hun, en, stb összevontan | AQ80: philips-dreamwear-full-face-maszk-mw | AR80: Philips DreamWear Full Face arcmaszk MW | Alvásterápia | AS80: Szélesebb orrformához tervezett Philips DreamWear Full Face maszk MW méretben. Fejtetői csatlakozás és nyomásmentes orr alatti szilikonpárna. | AV80: =VLOOKUP(I80, Kiegészítő_Mátrix!C:E, 3, FALSE) -> #N/A
B81: 3. | C81: Maszkok | D81: 3.3 | E81: Kifutott maszkok | H81: JOYCESILKGEL-FULLFACEMASZK-KIFUTÓ MODELL | I81: LEGACY-SGFF | J81: Joyce SilkGel Full | K81: Kifutott | L81: Löwenstein | M81: 62865 | N81: egyedi eng. | O81: 41640 | P81: S | Q81: profi | R81: Kifutott termék. Löwenstein Joyce SilkGel – a zselés kényelem klasszikusa. Selymes SilkTec bevonat és lágy gélpárna a maximális bőrvédelemért. A típus gyártása véglegesen leállt, közvetlen utódmodell és pótalkatrész (párna, fejpánt) már nem biztosított hozzá. Javasoljuk, tekintse meg a JOYCEeasyNext vagy CARA FF modelljeinket a hosszú távú megoldás érdekében. | S81: A Joyce SilkGel orr-száj maszk a Löwenstein Medical (korábban Weinmann) egyik legsikeresebb fejlesztése, amely a gélmaszkok stabilitását ötvözi a különleges SilkTec felületkezeléssel. FIGYELEM – Gyártói státusz és alkatrész-ellátás: Felhívjuk figyelmét, hogy a termék forgalmazása véglegesen megszűnt, a gyártó leállította a típus gyártását. A maszkhoz sem közvetlen utódmodell, sem gyári alkatrész-utánpótlás (cserepárna, fejpánt, könyökadapter) már nem érhető el és nem rendelhető. Amennyiben Ön korábban ezt a típust használta, az alváslaborban vagy szaküzletünkben segítünk kiválasztani a legmegfelelőbb modern alternatívát: orrmaszk esetén a könnyű és csendes Löwenstein CARA vagy JOYCEone, orr-száj maszk esetén pedig a CARA Full Face vagy JOYCEeasy Next modelleket javasoljuk a hosszú távú, biztos alkatrész-ellátással rendelkező terápia érdekében. Szakmai érv: A maszk legfőbb vonzereje a SilkTec bevonatú gélpárna. Ez a technológia egy selymes, bőrhöz hasonló tapintást kölcsönöz a szilikonnak és a gélnek, ami drasztikusan csökkenti a súrlódást és a bőrpírt. Az állítható homloktámasz és a gömbcsuklós csőcsatlakozás stabil, mégis rugalmas viseletet tesz lehetővé. FIGYELEM: Ez egy kifutó termék, amely már csak korlátozott készleten érhető el. Kérjük, vegye figyelembe, hogy a modellhez pótalkatrészek (pót-párna, fejpánt) már nem rendelhetők, így a maszkot elsősorban azoknak ajánljuk, akik ismerik és szeretik ezt a típust, vagy sürgős pótlást keresnek S-es méretben. Főbb előnyök: - Gélkomfort és SilkTec: Selymes tapintású, lágy zselés párna, amely védi az érzékeny arcbőrt. - Kiváló nyomáselosztás: A gél töltet kitölti az arc egyenetlenségeit, javítva az illeszkedést. - Állítható homloktámasz: Személyre szabható dőlésszög a tehermentesített orrnyeregért. - Halk üzemmód: Hatékony, diffúz kilégzőrendszer a nyugodt alvásért. - Mágnesmentes rögzítés: Biztonsággal használható pacemakerrel rendelkező páciensek számára is. | U81: 4-30 hPA | AI81: Méretenként | AJ81: maszkváz, a kiválasztott méretű maszkpárna (KIZÁRÓLAG S-ES MÉRETBEN), fejpánt, használati útmutató | AK81: Nem | AL81: Nem | AM81: 2 év | AN81: WM 25109; WM 25119; WM 25129; WM 25630; WM 25640; WM 25650; WM 25680 | AO81: J.Easy Next FF (S, M, L), Cara FF (S, M, L, XL) | AP81: csak angol és egyéb nyelvek! A gyártó oldalán sem találtam magyart sajnos… de ez kifutó termék | AQ81: lowenstein-joyce-silkgel-kifutott-maszk | AR81: Löwenstein Joyce SilkGel maszk (kifutott modell) | Alvásterápia | AS81: Kifutott Löwenstein Joyce SilkGel CPAP maszk. A típushoz cserealkatrészek már nem elérhetők; ismerje meg az új generációs orr- és arcmaszk alternatívákat! | AV81: =VLOOKUP(I81, Kiegészítő_Mátrix!C:E, 3, FALSE) -> #N/A
B82: 3. | C82: Maszkok | D82: 3.3 | E82: Kifutott maszkok | H82: DREAMWEARGEL-KIFUTOTT | I82: 1125024 | J82: DreamWear Gel | K82: Kifutott | L82: Philips | M82: 0 | N82: 0 | O82: 43344 | Q82: profi | R82: Kifutott típus. Philips DreamWear Gel – az orr alatti gélpárnás szabadság úttörője. A DreamWear moduláris vázkeret és fejpánt továbbra is kompatibilis az újabb párnákkal, azonban a gélpárnás (Gel Pillows) orrilleszték gyártása és alkatrész-utánpótlása végleg megszűnt. | S82: A Philips DreamWear Gel maszk az orr alatti kényelmet és a fejtetői csőcsatlakozás által nyújtott szabad mozgást ötvözte a lágy gélpárnák (orrillesztékek) precíz tömítésével. FIGYELEM – Gyártói státusz és modularitási tájékoztató: A Philips Respironics beszüntette a DreamWear Gel változat gyártását, így a kék zselés orrpárnák (Gel Pillows) önálló utánpótlása már nem rendelhető és nem elérhető A DreamWear rendszer előnye a modularitás: A DreamWear keretrendszer univerzális felépítésű, így amennyiben a szilikon váz és a fejpánt még jó állapotban van, Önnek nem szükséges a teljes maszkrendszert lecserélnie. A meglévő vázszerkezet tökéletesen kompatibilis az alábbi, jelenleg is aktívan gyártott és teljes alkatrész-ellátással rendelkező párnatípusokkal: • DreamWear Nasal (orrpárna): finom, orr alatti szilikon párna az irritációmentes légzésért. • DreamWear Full Face (arcmaszk párna): szájlégzés esetén az alsó mágneses pántokkal kiegészítve. Amennyiben gélpárnás kialakítást keres, alternatívaként a különálló fejpánttal és kerettel rendelkező Philips Nuance Pro Gel maszkot, vagy a modern DreamWear szilikon orrpárnára való áttérést javasoljuk. | AQ82: philips-dreamwear-gel-kifutott-maszk | AR82: Philips DreamWear Gel orrmaszk (kifutott) | Alvásterápia | AS82: Kifutott Philips DreamWear Gel maszk. A gélpárna már nem rendelhető, de a moduláris vázhoz elérhetők a normál szilikon orr- és arcmaszk cserepárnák! | AV82: =VLOOKUP(I82, Kiegészítő_Mátrix!C:E, 3, FALSE) -> #N/A
B83: 3. | C83: Maszkok | D83: 3.3 | E83: Kifutott maszkok | H83: DREAMWISP-KIFUTOTT | I83: LEGACY-DWISP | J83: DreamWisp | K83: Kifutott | L83: Philips | M83: 0 | N83: 0 | O83: 44440 | Q83: profi | R83: Kifutott termék. A Philips DreamWisp orrmaszk a stabilitás és a mozgásszabadság úttörő hibridje volt – a típus forgalmazása megszűnt, átadva helyét az újabb generációs modelleknek. | S83: A DreamWisp maszk az orrot körülölelő klasszikus Wisp párna stabilitását ötvözte a fejtetőn elhelyezett, 360 fokban forgó csőcsatlakozás előnyeivel. Kialakítása révén a cső nem az arc előtt húzódott, így szabad látómezőt és kényelmes alvási pozícióváltást biztosított. FIGYELEM – Kifutott modell: A termék forgalmazása végleg lezárult. Amennyiben Ön korábban ezt a típust használta, szaküzletünkben vagy alváslaborunkban segítünk megtalálni a legmegfelelőbb korszerű alternatívát: • Philips DreamWear Nasal: orr alatti, minimális érintkezésű szilikonpárnával a maximális szabadságért. • Philips Wisp: klasszikus orrmaszk elöl csatlakozó, rendkívül rugalmas rövidcsővel. • Löwenstein CARA: pehelykönnyű, csendes orrmaszk biztos gyári alkatrész-ellátással. | AQ83: philips-dreamwisp-orrmaszk-kifutott | AR83: Philips DreamWisp orrmaszk (kifutott modell) | Alvásterápia | AS83: Kifutott Philips DreamWisp CPAP orrmaszk. A típus forgalmazása megszűnt; ismerje meg az új generációs Philips DreamWear és Wisp maszk alternatívákat! | AV83: =VLOOKUP(I83, Kiegészítő_Mátrix!C:E, 3, FALSE) -> #N/A
B84: 3. | C84: Maszkok | D84: 3.3 | E84: Kifutott maszkok | H84: DREAMWISP-KIFUTOTT | I84: 1137943CE | J84: DreamWisp (S) | K84: Kifutott | L84: Philips | M84: 0 | N84: 0 | O84: 44440 | P84: S | Q84: profi | R84: Kifutott termék. A DreamWisp orrmaszk a stabilitás és a szabadság úttörő hibridje volt – mára átadta helyét az újabb generációknak. | S84: A DreamWisp az orrot körülölelő (Wisp) párna stabilitását ötvözte a fejtetőn elhelyezett csőcsatlakozás előnyeivel. Amennyiben Ön korábban ezt a típust használta, az alváslaborban, vagy Szaküzletünkben segítünk kiválasztani a legmegfelelőbb, modern alternatívát. | AN84: 1116720; 1094060; 1094061 | AO84: Dreamwear, Wisp szilikon, Wisp textil | AP84: csak angol és egyéb nyelvek! | AQ84: philips-dreamwisp-orrmaszk-s | AR84: Philips DreamWisp orrmaszk S méret alkatrészek | Alvásterápia | AS84: Kifutott Philips DreamWisp orrmaszk S méretben. Kompatibilis cserepárnák, fejpántok és utódmodellek raktárról meglévő terápiás felszereléséhez. | AV84: =VLOOKUP(I84, Kiegészítő_Mátrix!C:E, 3, FALSE) -> #N/A
B85: 3. | C85: Maszkok | D85: 3.3 | E85: Kifutott maszkok | H85: DREAMWISP-KIFUTOTT | I85: 1137944CE | J85: DreamWisp (M) | K85: Kifutott | L85: Philips | M85: 0 | N85: 0 | O85: 44440 | P85: M | Q85: profi | R85: Kifutott termék. A DreamWisp orrmaszk a stabilitás és a szabadság úttörő hibridje volt – mára átadta helyét az újabb generációknak. | S85: A DreamWisp az orrot körülölelő (Wisp) párna stabilitását ötvözte a fejtetőn elhelyezett csőcsatlakozás előnyeivel. Amennyiben Ön korábban ezt a típust használta, az alváslaborban, vagy Szaküzletünkben segítünk kiválasztani a legmegfelelőbb, modern alternatívát. | AN85: 1116720; 1094060; 1094061 | AO85: Dreamwear, Wisp szilikon, Wisp textil | AP85: csak angol és egyéb nyelvek! | AQ85: philips-dreamwisp-orrmaszk-m | AR85: Philips DreamWisp orrmaszk M méret alkatrészek | Alvásterápia | AS85: Kifutott Philips DreamWisp orrmaszk M méretben. Kompatibilis cserepárnák, fejpántok és utódmodellek raktárról meglévő terápiás felszereléséhez. | AV85: =VLOOKUP(I85, Kiegészítő_Mátrix!C:E, 3, FALSE) -> #N/A
B86: 3. | C86: Maszkok | D86: 3.3 | E86: Kifutott maszkok | H86: DREAMWISP-KIFUTOTT | I86: 1137945CE | J86: DreamWisp (L) | K86: Kifutott | L86: Philips | M86: 0 | N86: 0 | O86: 44440 | P86: L | Q86: profi | R86: Kifutott termék. A DreamWisp orrmaszk a stabilitás és a szabadság úttörő hibridje volt – mára átadta helyét az újabb generációknak. | S86: A DreamWisp az orrot körülölelő (Wisp) párna stabilitását ötvözte a fejtetőn elhelyezett csőcsatlakozás előnyeivel. Amennyiben Ön korábban ezt a típust használta, az alváslaborban, vagy Szaküzletünkben segítünk kiválasztani a legmegfelelőbb, modern alternatívát. | AN86: 1116720; 1094060; 1094061 | AO86: Dreamwear, Wisp szilikon, Wisp textil | AP86: csak angol és egyéb nyelvek! | AQ86: philips-dreamwisp-orrmaszk-l | AR86: Philips DreamWisp orrmaszk L méret alkatrészek | Alvásterápia | AS86: Kifutott Philips DreamWisp orrmaszk L méretben. Kompatibilis cserepárnák, fejpántok és utódmodellek raktárról meglévő terápiás felszereléséhez. | AV86: =VLOOKUP(I86, Kiegészítő_Mátrix!C:E, 3, FALSE) -> #N/A
B87: 3. | C87: Maszkok | D87: 3.3 | E87: Kifutott maszkok | H87: DREAMWISP-KIFUTOTT | I87: 1137946CE | J87: DreamWisp (XL) | K87: Kifutott | L87: Philips | M87: 0 | N87: 0 | O87: 44440 | P87: XL | Q87: profi | R87: Kifutott termék. A DreamWisp orrmaszk a stabilitás és a szabadság úttörő hibridje volt – mára átadta helyét az újabb generációknak. | S87: A DreamWisp az orrot körülölelő (Wisp) párna stabilitását ötvözte a fejtetőn elhelyezett csőcsatlakozás előnyeivel. Amennyiben Ön korábban ezt a típust használta, az alváslaborban, vagy Szaküzletünkben segítünk kiválasztani a legmegfelelőbb, modern alternatívát. | AN87: 1116720; 1094060; 1094061 | AO87: Dreamwear, Wisp szilikon, Wisp textil | AP87: csak angol és egyéb nyelvek! | AQ87: philips-dreamwisp-orrmaszk-xl | AR87: Philips DreamWisp orrmaszk XL alkatrészek | Alvásterápia | AS87: Kifutott Philips DreamWisp orrmaszk XL méretben. Kompatibilis cserepárnák, fejpántok és utódmodellek raktárról meglévő terápiás felszereléséhez. | AV87: =VLOOKUP(I87, Kiegészítő_Mátrix!C:E, 3, FALSE) -> #N/A
B88: 3. | C88: Maszkok | D88: 3.3 | E88: Kifutott maszkok | H88: NUANCEGEL-KIFUTOTT | I88: 1105161 | J88: Nuance Gel | K88: Kifutott | L88: Philips | M88: 0 | N88: 0 | O88: 205.01.01 | Q88: profi | R88: Kifutott termék. Nuance Gel – nyitott kialakítása és a géltechnológia miatt úttörőnek számított. Utóda ma is kapható: Nuance Pro Gel néven. | S88: Bár a textilkeretes alapmodell forgalmazása megszűnt, a koncepció tovább él a megújult Nuance Pro Gel változatban. A modern utódmodell egyik legfontosabb fejlesztése a stabilabb illeszkedést biztosító, orcáknál zselébetétekkel kiegészített fejpánt-rendszer. FIGYELEM – Kompatibilitási tájékoztató: Felhívjuk figyelmét, hogy a Nuance Pro Gel megújított, zselébetétes fejpántja nem illeszkedik a korábbi, textilkeretes (Nuance Gel) modellhez. Amennyiben a régi textilkeretes maszkjához keresne kiegészítőt, javasoljuk a teljes maszkrendszer frissítését a Nuance Pro változatra vagy a modernebb DreamWear rendszerre a teljesebb szabadságért. | AN88: 1105168; 1116720 | AO88: Nuance ProGel, DreamWear | AQ88: philips-nuance-gel-orrmaszk | AR88: Philips Nuance Gel orrillesztékes maszk | Alvásterápia | AS88: Kifutott Philips Nuance Gel maszk. Rendeljen kompatibilis zselés párnákat, vagy fedezze fel a közvetlen utódot, a Philips Nuance Pro Gel modellt! | AV88: =VLOOKUP(I88, Kiegészítő_Mátrix!C:E, 3, FALSE) -> #N/A
B89: 3. | C89: Maszkok | D89: 3.3 | E89: Kifutott maszkok | H89: COMFORTGEL-KIFUTOTT | I89: LEGACY-CG | J89: Comfort Gel | K89: Kifutott | L89: Philips | M89: 0 | N89: 0 | O89: 41153 | Q89: profi | R89: Kifutott termék. Philips Comfort Gel – a stabilitás legendája. A klasszikus kék gél-párna, amely generációkon át biztosította a szivárgásmentes terápiát. | S89: A Comfort Gel (később ComfortGel Blue) maszk az alvásterápia egyik legmeghatározóbb modellje volt. Népszerűségét a masszív kialakításnak és a legendás "kék gél" párnának köszönhette, amely kiválóan idomult az arcformához, miközben stabilitást nyújtott még magas nyomásértékek mellett is. Amennyiben Ön korábban ezt a típust használta, az alváslaborban, vagy Szaküzletünkben segítünk kiválasztani a legmegfelelőbb, modern alternatívát. | AN89: WM 25510; WM 25520; WM 25530; WM 25590; WM 25600; WM 25610;WM 25680 | AO89: J. Easy (S, M, L), Cara (XS, S/M, M/L, XL) | AQ89: philips-comfort-gel-maszk | AR89: Philips Comfort Gel CPAP maszk alkatrészek | Alvásterápia | AS89: Klasszikus Philips Comfort Gel kifutott CPAP maszk. Kompatibilis tartozékok, fejpántok és modern utódmodellek szakértői szerviztámogatással. | AV89: =VLOOKUP(I89, Kiegészítő_Mátrix!C:E, 3, FALSE) -> #N/A
AV90: =VLOOKUP(I90, Kiegészítő_Mátrix!C:E, 3, FALSE) -> #N/A
B91: 4. | C91: Tartozékok | D91: 4.1 | E91: Szűrők | F91: 4.1.1. | G91: Baktériumszűrő | H91: BAKTÉRIUMSZŰRŐ | I91: WM 27591 | J91: Baktériumszűrő Teleflex Iso-Gard | K91: Engedélyezett | L91: Löwenstein | M91: 1500 | N91: nincs | O91: 46235 | Q91: nincs | R91: Alacsony légellenállású, kétirányú vírus- és baktériumszűrő CPAP, BiPAP és otthoni lélegeztető készülékekhez. Standard 22 mm-es csatlakozásával univerzálisan kompatibilis, megbízható védelmet nyújt a kórokozókkal szemben. | S91: Funkció és védelem: A Teleflex Iso-Gard egy elektrosztatikus szűrőközeggel ellátott, magas hatékonyságú kétirányú vírus- és baktériumszűrő egység. A terápiás készülék levegőkimenete és a gégecső közé helyezve hatékony fizikai gátat képez, megakadályozva a mikrobiológiai kórokozók bejutását a légzőkörbe. Kifejezetten ajánlott fokozott fertőzésveszély, legyengült immunrendszer vagy fertőző légúti megbetegedés esetén. Használati és csereútmutató: • Csatlakoztassa a szűrőt közvetlenül a terápiás készülék levegőkifúvó csonkja és a gégecső közé. • Rendszeresen cserélendő: a csere idejét az alkalmazási környezet határozza meg (akut állapotban napi váltás, otthoni stabil használat esetén maximum 1-2 hónap). • Fontos figyelmeztetés párásító használata esetén: Amennyiben készülékéhez fűtött párásítót használ, a páralecsapódás gyorsan eltömítheti a szűrő pórusait. Párásító mellé a szűrő használata kizárólag egyedi szakorvosi utasításra javasolt! • Mikor kell azonnal kidobni? Ha a szűrő fehér felülete elszürkül, porral vagy nedvességgel telítődik, azonnal cserélje ki! Az eltömődött szűrő megnöveli a légzési ellenállást és gátolja a készülék terápiás nyomásának felépülését. Szükség esetén a készülék a szivacsszűrő és pollenszűrő használatával baktériumszűrő nélkül is biztonságosan használható. Kompatibilitás: Univerzális kivitel. A szabványos 22 mm-es kúpos csatlakozóknak köszönhetően valamennyi CPAP, BiPAP készülékkel kompatibilis (Löwenstein Prisma/Somno sorozat, Philips DreamStation/System One, stb.). | AQ91: teleflex-iso-gard-virus-bakteriumszuro-wm27591 | AR91: Teleflex Iso-Gard baktériumszűrő WM27591 | Alvásterápia | AS91: Eredeti Teleflex Iso-Gard vírus- és baktériumszűrő CPAP és BiPAP készülékekhez. Alacsony légellenállás, univerzális 22 mm-es illeszkedés. Rendelje meg! | AV91: =VLOOKUP(I91, Kiegészítő_Mátrix!C:E, 3, FALSE) -> #N/A
B92: 4. | C92: Tartozékok | D92: 4.1 | E92: Szűrők | F92: 4.1.1. | G92: Baktériumszűrő | H92: BAKTÉRIUMSZŰRŐ | I92: 1147018-01 | J92: Baktériumszűrő | K92: Engedélyezett | L92: Philips | M92: 1500 | N92: nincs | O92: 44927 | Q92: profi | R92: Univerzális baktérium- és vírusszűrő CPAP/BiLevel készülékekhez. Maximális higiénia és extra védelem a légúti fertőzések ellen. | S92: • Funkció: Ez az univerzális baktériumszűrő extra védelmi vonalat képez a terápiás levegő útjában. Feladata, hogy megállítsa a baktériumokat, vírusokat és a legapróbb szennyeződéseket, mielőtt azok a légzőkörbe kerülnének. Ez egy kétirányú szűrő, így a készülék védelmét is biztosítja. Próbaidőszak (TB-támogatásos terápia első 2 hónapja) alatt kötelező, azt követően elsősorban legyengült immunrendszerű pácienseknek vagy légúti fertőzések idején ajánlható. A készülékeknek nem kötelezően használandó tartozéka. • Használat: A szűrőt a készülék levegőkimenete és a gégecső közé kell illeszteni. Gömbölyű, „UFO” formája miatt könnyen megfogható és rögzíthető. FONTOS: Párásító használata esetén a szűrő felülete a nedvességtől hamar eltömődhet, ilyenkor a használata nem javasolt. • Tisztítás: A pollenszűrő NEM mosható! Ha a fehér szűrőfelület elszürkül vagy nedvesség éri, el kell dobni ill. cserélni kell, mert az eltömődött szűrő akadályozza a levegő áramlását, így a terápia hatásossága nem lesz megfelelő, valamint a készülék motorját is fokozott terhelésnek teszi ki. • Csereperiódus: Otthoni rendszeres használat mellett általában 30 nap. • Technikai paraméterek és tudnivalók: A Philips Respironics gyártó által bevizsgált és forgalmazott baktériumszűrő 3 különböző beszállítótól (KingSystem, Wilamed és GVS) érkezik hozzánk elérhetőség függvényében. Ezek a baktériumszűrők azonos paraméterekkel rendelkeznek, tehát az illeszkedésben és a technikai tudásban is megegyeznek, csupán kinézetükben van némi eltérés. A "további képek" fülre kattintva talál ezekről fotót. Felhívjuk figyelmét, hogy az Ön megrendelését az aktuális készletünk alapján teljesítjük. • Kompatibilitás: Minden standard (22 mm-es) csatlakozóval rendelkező CPAP/BiPAP készülékhez és gégecsőhöz használható. | X92: 22 mm csatl. | AJ92: 1 csomag=2 db | AN92: LMT 31785-1110; LMT 31920-1110; WM 29600-1; EUX500S15; 112000205; EEX520H15C; WM 29900-1; WM 29930-2; WM 29960-2110; | AO92: minden készülék (jelenleg kapható) | AQ92: bakteriumszuro-cpap-bipap | AR92: Univerzális baktériumszűrő CPAP és BiPAP készülékekhez | Alvásterápia | AS92: Univerzális baktérium- és vírusszűrő (kerek/ufó szűrő) CPAP és BiPAP készülékekhez. Kétirányú védelem a fertőzések ellen, maximális higiénia minden éjszaka. Rendelje meg! | AV92: =VLOOKUP(I92, Kiegészítő_Mátrix!C:E, 3, FALSE) -> Prisma kiegészítők;Dreamstation1 kiegészítők;Dreamstation2 kiegészítők;Somnobalance kiegészítők;Régebbi Philips modellek tartozékai
B93: 4. | C93: Tartozékok | D93: 4.1 | E93: Szűrők | F93: 4.1.1. | G93: Baktériumszűrő | H93: BAKTÉRIUMSZŰRŐ | I93: 3420770 | J93: baktériumszűrő | K93: Letiltott | L93: Philips | M93: 1500 | N93: nincs | O93: 40528 | AV93: =VLOOKUP(I93, Kiegészítő_Mátrix!C:E, 3, FALSE) -> #N/A
B94: 4. | C94: Tartozékok | D94: 4.1 | E94: Szűrők | F94: 4.1.2. | G94: Löwenstein szűrők (Prisma család, Somnobalance) | H94: PRISMA SZIVACSSZŰRŐ | I94: WM 29928 | J94: Szivacsszűrő Prisma készülékhez 1csomag/2db | K94: Engedélyezett | L94: Löwenstein | M94: 3048 | N94: nincs | O94: 44136 | Q94: profi | R94: Löwenstein Prisma szivacs porszűrő – a készülék motorjának alapvető védelmére. Mosható, többször használatos, szürke szivacs szűrő. | S94: • Funkció: A sötétszürke szivacs szűrő használata kötelező, a készülék motorjának alapvető védelmét szolgálja a nagyobb szennyeződések (szöszök, nagyobb porszemcsék) ellen. Megléte elengedhetetlen a készülék élettartamának megőrzése és a meghibásodások elkerülése érdekében. • Használat: A készülék hátoldalán található a szűrőnek kialakított rés. A szivacs szűrő mosható és többször felhasználható. • Tisztítás: Javasoljuk, hogy kéthetente öblítse ki langyos, enyhén szappanos vízzel. FONTOS: Csak teljesen száraz állapotban helyezze vissza a szűrőház legkülső részébe! • Csereperiódus: Higiéniai és műszaki okokból (az anyag elfáradása miatt) 6 havonta javasolt a cseréje. • Kompatibilitás: Löwenstein Prisma sorozat (Smart, Smart Plus, 20A, 25S, 30ST és CR) CPAP és BiPAP készülékei | AJ94: 1 csomag=2 db | AN94: LMT 31785-1110; LMT 31920-1110; WM 29600-1; WM 29900-1; WM 29930-2; WM29960-2110; | AO94: prisma készülékek | AQ94: lowenstein-prisma-szivacsszuro-2db | AR94: Löwenstein Prisma szivacsszűrő 2 db/csomag | Alvásterápia | AS94: Gyári mosható szivacsszűrő Löwenstein Prisma CPAP gépekhez (2 db/csomag). Alapvető motorvédelem a por ellen és megbízható légáramlás. Rendeljen pótszűrőt! | AV94: =VLOOKUP(I94, Kiegészítő_Mátrix!C:E, 3, FALSE) -> Prisma kiegészítők
B95: 4. | C95: Tartozékok | D95: 4.1 | E95: Szűrők | F95: 4.1.2. | G95: Löwenstein szűrők (Prisma család, Somnobalance) | H95: PRISMA POLLENSZŰRŐ | I95: WM 29652 | J95: Pollenszűrő Prisma készülékhez 12db | K95: Engedélyezett | L95: Löwenstein | M95: 11430 | N95: nincs | O95: 45474 | Q95: profi | R95: Löwenstein Prisma pollenszűrő (fehér színű, textil porszűrő) – extra tisztaság allergiásoknak. Kiszűri a mikroszkopikus port, virágport és spórákat. A szivacsszűrőt kiegészítve, azzal együtt használatos. | S95: • Funkció: A fehér, sűrű szövésű finomporszűrő (pollenszűrő) a maximális levegőtisztaságot szolgálja. Kiszűri a mikroszkopikus szennyeződéseket (pollenek, spórák, finom porszemcsék), Használata kiemelten ajánlott légúti allergiában szenvedőknek. • Használat: A szürke szivacs szűrővel együtt használandó: a pollenszűrő kerül belülre (alulra), és a szürke szivacs fedi le kívülről. • Tisztítás: Ez a szűrő NEM mosható! Vízzel érintkezve a rostok összeállnak és elzárják a levegő útját. Az elhasználódott pollenszűrőt el kell dobni. • Csereperiódus: Havonta (vagy elszürkülés esetén azonnal) cserélendő. • Kompatibilitás: Löwenstein Prisma sorozat (Smart, Smart Plus, 20A, 25S, 30ST és CR) CPAP és BiPAP készülékei • | AJ95: 1 csomag=12 db | AN95: LMT 31785-1110; LMT 31920-1110; WM 29600-1; WM 29900-1; WM 29930-2; WM29960-2110; | AO95: prisma készülékek | AQ95: lowenstein-prisma-pollenszuro-12db | AR95: Löwenstein Prisma finom pollenszűrő 12 db | Alvásterápia | AS95: Eredeti Löwenstein Prisma finom pollenszűrő 12 db-os csomagban. Nem mosható mikroszűrő allergiásoknak a pollenek és finomrészecskék hatékony kiszűrésére. | AV95: =VLOOKUP(I95, Kiegészítő_Mátrix!C:E, 3, FALSE) -> Prisma kiegészítők
B96: 4. | C96: Tartozékok | D96: 4.1 | E96: Szűrők | F96: 4.1.2. | G96: Löwenstein szűrők (Prisma család, Somnobalance) | H96: PRISMAW_W POLLENSZŰRŐ | I96: WM 29652-6 | J96: Pollenszűrő Prisma készülékhez 6db | K96: Letiltott | L96: Löwenstein | M96: 6350 | N96: nincs | O96: 45474 | Q96: profi | AV96: =VLOOKUP(I96, Kiegészítő_Mátrix!C:E, 3, FALSE) -> #N/A
B97: 4. | C97: Tartozékok | D97: 4.1 | E97: Szűrők | F97: 4.1.2. | G97: Löwenstein szűrők (Prisma család, Somnobalance) | H97: SOMNOBALANCE SZIVACSSZŰRŐ | I97: WM 15321 | J97: Szivacsszűrő SomnoBalance készülékhez 1csomag/2db | K97: Engedélyezett | L97: Löwenstein | M97: 3048 | N97: nincs | O97: 42186 | Q97: profi | R97: Löwenstein (korábban Weinmann) Somnobalance szivacs porszűrő - Mosható, többször használatos sötétszürke porszűrő Somnobalance készülékhez. (A készülék már nem kapható, de a szűrőellátás biztosított) | S97: • Funkció: A sötétszürke szivacs szűrő használata kötelező, a készülék motorjának alapvető védelmét szolgálja a nagyobb szennyeződések (szöszök, nagyobb porszemcsék) ellen. Megléte elengedhetetlen a készülék élettartamának megőrzése és a meghibásodások elkerülése érdekében. • Használat: A készülék hátoldalán, kis fedél alatt található a szűrőnek kialakított rés. A szivacs szűrő mosható és többször felhasználható. • Tisztítás: Javasoljuk, hogy kéthetente öblítse ki langyos, enyhén szappanos vízzel. FONTOS: Csak teljesen száraz állapotban helyezze vissza a szűrőház legkülső részébe! • Csereperiódus: Higiéniai és műszaki okokból (az anyag elfáradása miatt) 6 havonta javasolt a cseréje. • Kompatibilitás: Löwenstein (korábban Weinmann) Somnobalance-e készülék | AJ97: 1 csomag=2 db | AN97: WM 27420/S | AO97: Somnobalance | AQ97: lowenstein-somnobalance-szivacsszuro-2db | AR97: Löwenstein SomnoBalance szivacsszűrő 2 db | Alvásterápia | AS97: Gyári mosható szivacsszűrő a korábbi Löwenstein SomnoBalance készülékhez (2 db/csomag). Folyamatos alkatrészellátás és motorvédelem meglévő gépéhez. | AV97: =VLOOKUP(I97, Kiegészítő_Mátrix!C:E, 3, FALSE) -> Somnobalance kiegészítők
B98: 4. | C98: Tartozékok | D98: 4.1 | E98: Szűrők | F98: 4.1.2. | G98: Löwenstein szűrők (Prisma család, Somnobalance) | H98: SOMNOBALANCE POLLENSZŰRŐ | I98: WM 15668 | J98: Pollenszűrő SomnoBalance 12db | K98: Engedélyezett | L98: Löwenstein | M98: 11430 | N98: nincs | O98: 45474 | Q98: profi | R98: Löwenstein (korábban Weinmann) Somnobalance pollenszűrő - Egyszer használatos fehér finomszűrő Somnobalance készülékekhez allergiásoknak. | S98: • Funkció: A fehér, sűrű szövésű finomporszűrő (pollenszűrő) a maximális levegőtisztaságot szolgálja. Kiszűri a mikroszkopikus szennyeződéseket (pollenek, spórák, finom porszemcsék), Használata kiemelten ajánlott légúti allergiában szenvedőknek. • Használat: A szürke szivacs szűrővel együtt használandó: a pollenszűrő kerül belülre (alulra), és a szürke szivacs fedi le kívülről. • Tisztítás: A pollenszűrő NEM mosható! Vízzel érintkezve a rostok összeállnak és elzárják a levegő útját. Az elhasználódott pollenszűrőt el kell dobni. • Csereperiódus: Havonta (vagy elszürkülés esetén azonnal) cserélendő. • Kompatibilitás: Löwenstein (korábban Weinmann) Somnobalance-e | AJ98: 1 csomag=12 db | AN98: WM 27420/S | AO98: Somnobalance | AQ98: lowenstein-somnobalance-pollenszuro-12db | AR98: Löwenstein SomnoBalance pollenszűrő 12 db | Alvásterápia | AS98: Eredeti Löwenstein SomnoBalance finom pollenszűrő 12 db-os kiszerelésben. Nem mosható antiallergén betét a tiszta levegőért a kifutott készülékhez is. | AV98: =VLOOKUP(I98, Kiegészítő_Mátrix!C:E, 3, FALSE) -> #N/A
B99: 4. | C99: Tartozékok | D99: 4.1 | E99: Szűrők | F99: 4.1.2. | G99: Löwenstein szűrők (Prisma család, Somnobalance) | H99: SOMNOBALANCE POLLENSZŰRŐ | I99: WM 15668-6 | J99: Pollenszűrő SomnoBalance 6db | K99: Letiltott | L99: Löwenstein | M99: 6350 | N99: nincs | O99: 45474 | Q99: profi | AV99: =VLOOKUP(I99, Kiegészítő_Mátrix!C:E, 3, FALSE) -> #N/A
B100: 4. | C100: Tartozékok | D100: 4.1 | E100: Szűrők | F100: 4.1.3. | G100: Philips szűrők (Dreamstation 1-2, Remstar sorozat) | H100: DREAMSTATION1 SZIVACSSZŰRŐ | I100: 1122446 | J100: Szivacsszűrő DreamStation 1 készülékhez 1db | K100: Engedélyezett | L100: Philips | M100: 1788 | N100: nincs | O100: 42522 | Q100: profi | R100: Philips Dreamstation 1 szivacsszűrő - Kék műanyag keretes, mosható szivacs szűrő, a DreamStation 1 (fehér/szürke) készülék kötelező tartozéka. | S100: • Funkció: A gép elsődleges védelmét szolgálja a durva por és a szöszök ellen, megakadályozva a készülék belső egységeinek elszennyeződését. • Használat: A készülék oldalán található szűrőház külső felébe kell illeszteni. • Tisztítás: A szivacsszűrő mosható. A kék kerettel együtt, langyos folyóvíz alatt öblítse át a szivacsot. FONTOS: Mosás után alaposan rázza ki belőle a vizet, és hagyja teljesen (levegőn) megszáradni. Csak 100%-ban száraz állapotban, a kerettel együtt helyezhető vissza a készülékbe. • Csereperiódus: 6 havonta javasolt a cseréje egy új egységre. • Kompatibilitás: Philips DreamStation 1 készülék (kialakításánál fogva NEM használható a DreamStation 2 (fekete) típushoz) | AJ100: 1 csomag=2 db | AN100: EUX500S15 | AO100: Dreamstation1 | AQ100: philips-dreamstation-1-szivacsszuro | AR100: Philips DreamStation 1 mosható szivacsszűrő | Alvásterápia | AS100: Gyári kék keretes, mosható szivacsszűrő Philips DreamStation 1 CPAP gépekhez. A készülék kötelező védelmi alkatrésze a por ellen és a hosszú élettartamért. | AV100: =VLOOKUP(I100, Kiegészítő_Mátrix!C:E, 3, FALSE) -> Dreamstation1 kiegészítők
...

Sheet Kiegészítő_Mátrix
A1: Főtermék Cikkszáma (Pl. a maszké) | B1: Főtermék Neve (Ezt az Excel fogja kitölteni!) | C1: Kiegészítő Cikkszáma (Pl. a pánté) | D1: Kiegészítő Neve (Ezt az Excel fogja kitölteni!) | E1: Gyűjtő kategória neve (Pl. „DreamStation kiegészítők”) | F1: Figyelmeztető kiegészítés | G1: Egyedi tipp szöveg az összes kiegészítőre (az adott főtermék hosszú leírásának végére másold be, csináld meg a linket!)
A2: LMT 31785-1110 | B2: =IFERROR(VLOOKUP(A2, Terméklista!I:J, 2, FALSE), "Várom a cikkszámot...") -> prisma SMART auto cpap (fekete) | C2: WM 29928 | D2: =IFERROR(VLOOKUP(C2, Terméklista!I:J, 2, FALSE), "Várom a cikkszámot...") -> Szivacsszűrő Prisma készülékhez 1csomag/2db | E2: Prisma kiegészítők | G2: Tippünk: Készülékéhez a rendszeres karbantartáshoz szükséges összes tartozékot (szűrők, gégecsövek, tápegységek) megtalálja a [Prisma kiegészítők] gyűjtőoldalunkon. Gondoskodjon időben a fogyóeszközök cseréjéről a higiénikus és hatékony terápia érdekében!
A3: LMT 31785-1110 | B3: =IFERROR(VLOOKUP(A3, Terméklista!I:J, 2, FALSE), "Várom a cikkszámot...") -> prisma SMART auto cpap (fekete) | C3: WM 29652 | D3: =IFERROR(VLOOKUP(C3, Terméklista!I:J, 2, FALSE), "Várom a cikkszámot...") -> Pollenszűrő Prisma készülékhez 12db | E3: Prisma kiegészítők | G3: Tippünk: Készülékéhez a rendszeres karbantartáshoz szükséges összes tartozékot (szűrők, gégecsövek, tápegységek) megtalálja a [Prisma kiegészítők] gyűjtőoldalunkon. Gondoskodjon időben a fogyóeszközök cseréjéről a higiénikus és hatékony terápia érdekében!
A4: LMT 31785-1110 | B4: =IFERROR(VLOOKUP(A4, Terméklista!I:J, 2, FALSE), "Várom a cikkszámot...") -> prisma SMART auto cpap (fekete) | C4: 1147018-01 | D4: =IFERROR(VLOOKUP(C4, Terméklista!I:J, 2, FALSE), "Várom a cikkszámot...") -> Baktériumszűrő | E4: Prisma kiegészítők;Dreamstation1 kiegészítők;Dreamstation2 kiegészítők;Somnobalance kiegészítők;Régebbi Philips modellek tartozékai | G4: Tippünk: Készülékéhez a rendszeres karbantartáshoz szükséges összes tartozékot (szűrők, gégecsövek, tápegységek) megtalálja a [Prisma kiegészítők] gyűjtőoldalunkon. Gondoskodjon időben a fogyóeszközök cseréjéről a higiénikus és hatékony terápia érdekében!
A5: LMT 31785-1110 | B5: =IFERROR(VLOOKUP(A5, Terméklista!I:J, 2, FALSE), "Várom a cikkszámot...") -> prisma SMART auto cpap (fekete) | C5: WM 29680 | D5: =IFERROR(VLOOKUP(C5, Terméklista!I:J, 2, FALSE), "Várom a cikkszámot...") -> Prisma Aqua párásító fekete | E5: Prisma kiegészítők | G5: Tippünk: Készülékéhez a rendszeres karbantartáshoz szükséges összes tartozékot (szűrők, gégecsövek, tápegységek) megtalálja a [Prisma kiegészítők] gyűjtőoldalunkon. Gondoskodjon időben a fogyóeszközök cseréjéről a higiénikus és hatékony terápia érdekében!
A6: LMT 31785-1110 | B6: =IFERROR(VLOOKUP(A6, Terméklista!I:J, 2, FALSE), "Várom a cikkszámot...") -> prisma SMART auto cpap (fekete) | C6: WM 24445 | D6: =IFERROR(VLOOKUP(C6, Terméklista!I:J, 2, FALSE), "Várom a cikkszámot...") -> Gégecső SomnoBalance és Prisma készülékhez | E6: Prisma kiegészítők;Somnobalance kiegészítők | G6: Tippünk: Készülékéhez a rendszeres karbantartáshoz szükséges összes tartozékot (szűrők, gégecsövek, tápegységek) megtalálja a [Prisma kiegészítők] gyűjtőoldalunkon. Gondoskodjon időben a fogyóeszközök cseréjéről a higiénikus és hatékony terápia érdekében!
A7: LMT 31785-1110 | B7: =IFERROR(VLOOKUP(A7, Terméklista!I:J, 2, FALSE), "Várom a cikkszámot...") -> prisma SMART auto cpap (fekete) | C7: G100 | D7: =IFERROR(VLOOKUP(C7, Terméklista!I:J, 2, FALSE), "Várom a cikkszámot...") -> Gégecső huzat | E7: Prismakiegészítő k;Dreamstation1 kiegészítők;Dreamstation2 kiegészítők;Somnobalance kiegészítők | G7: Tippünk: Készülékéhez a rendszeres karbantartáshoz szükséges összes tartozékot (szűrők, gégecsövek, tápegységek) megtalálja a [Prisma kiegészítők] gyűjtőoldalunkon. Gondoskodjon időben a fogyóeszközök cseréjéről a higiénikus és hatékony terápia érdekében!
A8: LMT 31785-1110 | B8: =IFERROR(VLOOKUP(A8, Terméklista!I:J, 2, FALSE), "Várom a cikkszámot...") -> prisma SMART auto cpap (fekete) | C8: WM 24469 | D8: =IFERROR(VLOOKUP(C8, Terméklista!I:J, 2, FALSE), "Várom a cikkszámot...") -> prisma DC adapter (12/24V) | E8: Prisma kiegészítők | G8: Tippünk: Készülékéhez a rendszeres karbantartáshoz szükséges összes tartozékot (szűrők, gégecsövek, tápegységek) megtalálja a [Prisma kiegészítők] gyűjtőoldalunkon. Gondoskodjon időben a fogyóeszközök cseréjéről a higiénikus és hatékony terápia érdekében!
A9: LMT 31785-1110 | B9: =IFERROR(VLOOKUP(A9, Terméklista!I:J, 2, FALSE), "Várom a cikkszámot...") -> prisma SMART auto cpap (fekete) | C9: WM 31615 | D9: =IFERROR(VLOOKUP(C9, Terméklista!I:J, 2, FALSE), "Várom a cikkszámot...") -> Csatlakozó kábel (Prisma) | E9: Prisma kiegészítők; | G9: Tippünk: Készülékéhez a rendszeres karbantartáshoz szükséges összes tartozékot (szűrők, gégecsövek, tápegységek) megtalálja a [Prisma kiegészítők] gyűjtőoldalunkon. Gondoskodjon időben a fogyóeszközök cseréjéről a higiénikus és hatékony terápia érdekében!
A10: LMT 31785-1110 | B10: =IFERROR(VLOOKUP(A10, Terméklista!I:J, 2, FALSE), "Várom a cikkszámot...") -> prisma SMART auto cpap (fekete) | C10: WM 29794 | D10: =IFERROR(VLOOKUP(C10, Terméklista!I:J, 2, FALSE), "Várom a cikkszámot...") -> Somno SD-kártya | E10: Prisma kiegészítők;Somnobalance kiegészítők | G10: Tippünk: Készülékéhez a rendszeres karbantartáshoz szükséges összes tartozékot (szűrők, gégecsövek, tápegységek) megtalálja a [Prisma kiegészítők] gyűjtőoldalunkon. Gondoskodjon időben a fogyóeszközök cseréjéről a higiénikus és hatékony terápia érdekében!
A11: LMT 31920-1110 | B11: =IFERROR(VLOOKUP(A11, Terméklista!I:J, 2, FALSE), "Várom a cikkszámot...") -> prisma SMART plus auto cpap (fehér) | C11: WM 29928 | D11: =IFERROR(VLOOKUP(C11, Terméklista!I:J, 2, FALSE), "Várom a cikkszámot...") -> Szivacsszűrő Prisma készülékhez 1csomag/2db | E11: Prisma kiegészítők; | G11: Tippünk: Készülékéhez a rendszeres karbantartáshoz szükséges összes tartozékot (szűrők, gégecsövek, tápegységek) megtalálja a [Prisma kiegészítők] gyűjtőoldalunkon. Gondoskodjon időben a fogyóeszközök cseréjéről a higiénikus és hatékony terápia érdekében!
A12: LMT 31920-1110 | B12: =IFERROR(VLOOKUP(A12, Terméklista!I:J, 2, FALSE), "Várom a cikkszámot...") -> prisma SMART plus auto cpap (fehér) | C12: WM 29652 | D12: =IFERROR(VLOOKUP(C12, Terméklista!I:J, 2, FALSE), "Várom a cikkszámot...") -> Pollenszűrő Prisma készülékhez 12db | E12: Prisma kiegészítők; | G12: Tippünk: Készülékéhez a rendszeres karbantartáshoz szükséges összes tartozékot (szűrők, gégecsövek, tápegységek) megtalálja a [Prisma kiegészítők] gyűjtőoldalunkon. Gondoskodjon időben a fogyóeszközök cseréjéről a higiénikus és hatékony terápia érdekében!
A13: LMT 31920-1110 | B13: =IFERROR(VLOOKUP(A13, Terméklista!I:J, 2, FALSE), "Várom a cikkszámot...") -> prisma SMART plus auto cpap (fehér) | C13: 1147018-01 | D13: =IFERROR(VLOOKUP(C13, Terméklista!I:J, 2, FALSE), "Várom a cikkszámot...") -> Baktériumszűrő | E13: Prisma fekete kiegészítők;Prisma fehér kiegészítők;Dreamstation1 kiegészítők;Dreamstation2 kiegészítők;Somnobalance kiegészítők;Régebbi Philips modellek tartozékai | G13: Tippünk: Készülékéhez a rendszeres karbantartáshoz szükséges összes tartozékot (szűrők, gégecsövek, tápegységek) megtalálja a [Prisma kiegészítők] gyűjtőoldalunkon. Gondoskodjon időben a fogyóeszközök cseréjéről a higiénikus és hatékony terápia érdekében!
... A35: EUX500S15 | B35: =IFERROR(VLOOKUP(A35, Terméklista!I:J, 2, FALSE), "Várom a cikkszámot...") -> DreamStation auto cpap | C35: HT15 | D35: =IFERROR(VLOOKUP(C35, Terméklista!I:J, 2, FALSE), "Várom a cikkszámot...") -> DreamStation fűthető gégecső | E35: Dreamstation1 kiegészítők;Dreamstation2 kiegészítők | G35: Tippünk: A DreamStation (1. széria) optimális működéséhez és a higiénikus terápiához javasoljuk a szűrők rendszeres cseréjét és a tartozékok karbantartását. Az összes kompatibilis kiegészítőt (szűrők, gégecsövek, párásító alkatrészek) megtalálja a [DreamStation 1 kiegészítők] oldalunkon!
A36: EEX520H15C | B36: =IFERROR(VLOOKUP(A36, Terméklista!I:J, 2, FALSE), "Várom a cikkszámot...") -> DreamStation2 auto cpap | C36: 1142587 | D36: =IFERROR(VLOOKUP(C36, Terméklista!I:J, 2, FALSE), "Várom a cikkszámot...") -> Szivacsszűrő DreamStation 2 készülékhez 1db | E36: Dreamstation 2 kiegészítők | G36: Tippünk: A DreamStation 2 készülék technológiájának megőrzéséhez és a biztonságos használathoz elengedhetetlen a tartozékok rendszeres frissítése. Fontos: A 2. széria szűrői eltérnek az elődmodellétől! Minden kompatibilis alkatrészt megtalál a [DreamStation 2 kiegészítők] gyűjtőoldalunkon.
A37: EEX520H15C | B37: =IFERROR(VLOOKUP(A37, Terméklista!I:J, 2, FALSE), "Várom a cikkszámot...") -> DreamStation2 auto cpap | C37: 1142831 | D37: =IFERROR(VLOOKUP(C37, Terméklista!I:J, 2, FALSE), "Várom a cikkszámot...") -> Pollenszűrő Dreamstation 2 készülékhez 1cs/6db | E37: Dreamstation 2 kiegészítők | G37: Tippünk: A DreamStation 2 készülék technológiájának megőrzéséhez és a biztonságos használathoz elengedhetetlen a tartozékok rendszeres frissítése. Fontos: A 2. széria szűrői eltérnek az elődmodellétől! Minden kompatibilis alkatrészt megtalál a [DreamStation 2 kiegészítők] gyűjtőoldalunkon.
A38: EEX520H15C | B38: =IFERROR(VLOOKUP(A38, Terméklista!I:J, 2, FALSE), "Várom a cikkszámot...") -> DreamStation2 auto cpap | C38: PR15 | D38: =IFERROR(VLOOKUP(C38, Terméklista!I:J, 2, FALSE), "Várom a cikkszámot...") -> DreamStation gégecső | E38: Dreamstation1 kiegészítők;Dreamstation2 kiegészítők | G38: Tippünk: A DreamStation 2 készülék technológiájának megőrzéséhez és a biztonságos használathoz elengedhetetlen a tartozékok rendszeres frissítése. Fontos: A 2. széria szűrői eltérnek az elődmodellétől! Minden kompatibilis alkatrészt megtalál a [DreamStation 2 kiegészítők] gyűjtőoldalunkon.
A39: EEX520H15C | B39: =IFERROR(VLOOKUP(A39, Terméklista!I:J, 2, FALSE), "Várom a cikkszámot...") -> DreamStation2 auto cpap | C39: G100 | D39: =IFERROR(VLOOKUP(C39, Terméklista!I:J, 2, FALSE), "Várom a cikkszámot...") -> Gégecső huzat | E39: Prisma kiegészítők;Dreamstation1 kiegészítők;Dreamstation2 kiegészítők;Somnobalance kiegészítők | G39: Tippünk: A DreamStation 2 készülék technológiájának megőrzéséhez és a biztonságos használathoz elengedhetetlen a tartozékok rendszeres frissítése. Fontos: A 2. széria szűrői eltérnek az elődmodellétől! Minden kompatibilis alkatrészt megtalál a [DreamStation 2 kiegészítők] gyűjtőoldalunkon.
A40: EEX520H15C | B40: =IFERROR(VLOOKUP(A40, Terméklista!I:J, 2, FALSE), "Várom a cikkszámot...") -> DreamStation2 auto cpap | C40: HT15 | D40: =IFERROR(VLOOKUP(C40, Terméklista!I:J, 2, FALSE), "Várom a cikkszámot...") -> DreamStation fűthető gégecső | E40: Dreamstation1 kiegészítők;Dreamstation2 kiegészítők | G40: Tippünk: A DreamStation 2 készülék technológiájának megőrzéséhez és a biztonságos használathoz elengedhetetlen a tartozékok rendszeres frissítése. Fontos: A 2. széria szűrői eltérnek az elődmodellétől! Minden kompatibilis alkatrészt megtalál a [DreamStation 2 kiegészítők] gyűjtőoldalunkon.
A41: EEX520H15C | B41: =IFERROR(VLOOKUP(A41, Terméklista!I:J, 2, FALSE), "Várom a cikkszámot...") -> DreamStation2 auto cpap | C41: 1147018-01 | D41: =IFERROR(VLOOKUP(C41, Terméklista!I:J, 2, FALSE), "Várom a cikkszámot...") -> Baktériumszűrő | E41: Prisma kiegészítők;Dreamstation1 kiegészítők;Dreamstation2 kiegészítők;Somnobalance kiegészítők;Régebbi Philips modellek tartozékai | G41: Tippünk: A DreamStation 2 készülék technológiájának megőrzéséhez és a biztonságos használathoz elengedhetetlen a tartozékok rendszeres frissítése. Fontos: A 2. széria szűrői eltérnek az elődmodellétől! Minden kompatibilis alkatrészt megtalál a [DreamStation 2 kiegészítők] gyűjtőoldalunkon.
A42: 112000205 | B42: =IFERROR(VLOOKUP(A42, Terméklista!I:J, 2, FALSE), "Várom a cikkszámot...") -> AeonMed AS100A auto cpap | C42: 122014264-0 | D42: =IFERROR(VLOOKUP(C42, Terméklista!I:J, 2, FALSE), "Várom a cikkszámot...") -> Pollenszűrő AS100A készülékhez 12db | E42: Aeonmed kiegészítők | G42: Tippünk: Az Aeonmed készülékek megbízható működéséhez és a higiénikus terápiához javasoljuk a szűrők rendszeres cseréjét és a tartozékok karbantartását. Az összes kompatibilis kiegészítőt megtalálja az [Aeonmed kiegészítők] oldalunkon!
